capture_id,view_id,rôle,état,viewport,orientation,priorité,données_requises,capture_obligatoire,motif,peut_être_dédupliquée,référence_déduplication
CP001,V001,public,loading,375x812,portrait,P1,session_absente,oui,Entrée application,non,
CP002,V002,public,default,375x812,portrait,P0,aucune,oui,Risque responsive connu,non,
CP003,V002,public,default,390x844,portrait,P0,aucune,oui,Mobile large,non,
CP004,V002,public,default,768x1024,portrait,P0,aucune,oui,Tablette,non,
CP005,V002,public,default,1366x768,paysage,P0,aucune,oui,Desktop,non,
CP006,V002,public,default,1440x900,paysage,P0,aucune,oui,Risque responsive connu,non,
CP007,V002,public,validation_error,375x812,portrait,P1,identifiants invalides,oui,Feedback auth,non,
CP008,V003,public,default,375x812,portrait,P1,email OTP,oui,Dialog reset,non,
CP009,V004,public,default,375x812,portrait,P1,profil candidat,oui,Join sheet,non,
CP010,V006,public,default,390x844,portrait,P2,aucune,oui,Onboarding,non,
CP011,V008,candidate,default,375x812,portrait,P1,code invalide,oui,Suivi public,non,
CP012,V009,candidate,loaded,768x1024,portrait,P1,candidature par statut,oui,Quatre statuts,non,
CP013,V010,admin,default,1366x768,paysage,P1,badges routes admin,oui,Menu riche,non,
CP014,V010,alumni,default,1366x768,paysage,P1,routes alumni,oui,Menu restreint,non,
CP015,V012,member,default,375x812,portrait,P1,badges,oui,Navigation cinq items,non,
CP016,V012,admin,route_hors_top5,375x812,portrait,P1,route impact,oui,Remplacement destination,non,
CP017,V013,admin,loaded,1440x900,paysage,P1,dashboard dense,oui,Vue globale,non,
CP018,V013,team_leader,loaded,1366x768,paysage,P1,dashboard dense,oui,Variation role,non,
CP019,V013,secretary,loaded,1024x768,paysage,P1,presences alertes,oui,Variation role,non,
CP020,V013,finance,loaded,1024x768,paysage,P1,paiements alertes,oui,Variation role,non,
CP021,V013,pole_lead,loaded,768x1024,portrait,P1,pole projets,oui,Variation role,non,
CP022,V013,pole_deputy,loaded,768x1024,portrait,P1,pole projets,oui,Action difference,non,
CP023,V013,project_lead,loaded,768x1024,portrait,P1,projet taches,oui,Variation role,non,
CP024,V013,member,loaded,375x812,portrait,P1,taches posts,oui,Vue personnelle,non,
CP025,V013,alumni,loaded,375x812,portrait,P1,mentorat events,oui,Vue alumni,non,
CP026,V013,multi_role,loaded,1440x900,paysage,P1,admin member pole,oui,Precedence roles,non,
CP027,V017,admin,loaded,1366x768,paysage,P1,200 membres,oui,Liste dense,non,
CP028,V018,admin,loaded,768x1024,portrait,P1,profil multi-role,oui,Detail membre,non,
CP029,V019,admin,destructive_confirmation,390x844,portrait,P1,membre lifecycle,oui,Action sensible,non,
CP030,V020,admin,partial_data,1366x768,paysage,P1,csv doublon,oui,Import,non,
CP031,V021,secretary,loaded,1366x768,paysage,P1,sessions statuts,oui,Presence,non,
CP032,V023,secretary,partial_data,768x1024,portrait,P1,justificatifs QR,oui,Detail session,non,
CP033,V024,member,permission_denied,375x812,portrait,P1,camera denied,oui,QR permission,non,
CP034,V025,secretary,offline,375x812,portrait,P1,NFC unavailable,oui,NFC native,non,
CP035,V027,member,loaded,375x812,portrait,P1,24 taches,oui,Liste personnelle,non,
CP036,V028,pole_lead,validation_error,768x1024,portrait,P1,tache invalide,oui,Form task,non,
CP037,V030,finance,loaded,1440x900,paysage,P1,finance dense,oui,Dashboard finance,non,
CP038,V031,member,offline,375x812,portrait,P1,payment pending,oui,Mobile Money,non,
CP039,V033,member,loaded,1366x768,paysage,P1,documents mixes,oui,Bibliotheque,non,
CP040,V034,pole_lead,validation_error,390x844,portrait,P1,file invalid,oui,Depot,non,
CP041,V036,recruitment_lead,loaded,1440x900,paysage,P1,campaigns applications,oui,Recrutement admin,non,
CP042,V037,candidate,validation_error,375x812,portrait,P1,form incomplete,oui,Form public,non,
CP043,V038,team_leader,destructive_confirmation,768x1024,portrait,P1,candidate decision,oui,Decision,non,
CP044,V039,member,loaded,375x812,portrait,P1,posts media,oui,Fil mobile,non,
CP045,V040,pole_lead,validation_error,768x1024,portrait,P1,media visibility,oui,Composer,non,
CP046,V042,member,loaded,375x812,portrait,P1,10 conversations,oui,Chat list,non,
CP047,V043,member,offline,375x812,portrait,P1,thread cached,oui,Chat reconnect,non,
CP048,V044,group_admin,destructive_confirmation,390x844,portrait,P1,message owned,oui,Actions message,non,
CP049,V045,pole_lead,default,768x1024,portrait,P1,group members,oui,Create group,non,
CP050,V046,member,loaded,375x812,portrait,P1,notifications mixed,oui,Centre,non,
CP051,V048,pole_lead,loaded,1366x768,paysage,P1,poles dense,oui,Poles,non,
CP052,V049,pole_lead,partial_data,768x1024,portrait,P1,pole no docs,oui,Fiche pole,non,
CP053,V051,project_lead,loaded,1366x768,paysage,P1,projects dense,oui,Projets,non,
CP054,V052,project_lead,long_content,768x1024,portrait,P1,project rich,oui,Fiche projet,non,
CP055,V054,member,loaded,375x812,portrait,P1,events,oui,Evenements,non,
CP056,V056,team_leader,validation_error,390x844,portrait,P1,event invalid,oui,Form event,non,
CP057,V057,alumni,loaded,375x812,portrait,P1,alumni mentorship,oui,Annuaire,non,
CP058,V058,alumni,empty,768x1024,portrait,P2,no mentorship,oui,Tab mentorat,non,
CP059,V059,member,loaded,375x812,portrait,P1,points badges,oui,Gamification,non,
CP060,V060,secretary,success,768x1024,portrait,P1,point attribution,oui,Manage points,non,
CP061,V061,member,loaded,1366x768,paysage,P2,courses cases,oui,Academy,non,
CP062,V062,member,long_content,375x812,portrait,P2,course resource,oui,Course detail,non,
CP063,V063,team_leader,loaded,1440x900,paysage,P1,impact metrics,oui,Impact,non,
CP064,V065,member,loaded,375x812,portrait,P1,archives years prizes,oui,Archives,non,
CP065,V066,member,broken_image,375x812,portrait,P1,archive missing media,oui,Archive detail,non,
CP066,V002,public,default,375x812,paysage,P2,aucune,oui,Mobile landscape,non,
CP067,V013,member,loaded,1366x768,paysage,P2,dashboard,oui,Zoom 125 percent,non,
CP068,V017,admin,loaded,1366x768,paysage,P1,members,oui,Zoom 200 percent,non,
CP069,V042,member,loaded,375x812,portrait,P1,chat,oui,Keyboard only and touch,non,
CP070,V010,admin,focus,1366x768,paysage,P1,sidebar,oui,Keyboard focus,non,
