"scenario_driver","setup_action","real_mechanism","expected_marker","teardown_action","implementation_status"
"archive_award","login_member; open_award","The route driver is available, but the declared state needs a real seeded entity, dialog, sheet, interception or user action to be validated before capture.","text:Prix audit","clear_storage; close_target; restore_network","state_driver_preflight_required"
"archive_missing_image","login_member; open_missing_image_award","The route driver is available, but the declared state needs a real seeded entity, dialog, sheet, interception or user action to be validated before capture.","state:missing_image","clear_storage; close_target; restore_network","state_driver_preflight_required"
"archive_story","login_member; open_long_story","The route driver is available, but the declared state needs a real seeded entity, dialog, sheet, interception or user action to be validated before capture.","text:Recit","clear_storage; close_target; restore_network","state_driver_preflight_required"
"archives_list","login_member; profile_dense; navigate_archives","CDP clears isolated storage, injects only a local audit token when required, navigates the declared route, waits for the declared marker, then clears target data.","text:Archives","clear_storage; close_target; restore_network","implemented_navigation_driver"
"attendance_closed","login_secretary; open_closed_session","The route driver is available, but the declared state needs a real seeded entity, dialog, sheet, interception or user action to be validated before capture.","text:Session","clear_storage; close_target; restore_network","state_driver_preflight_required"
"attendance_justification","login_secretary; open_justification","The route driver is available, but the declared state needs a real seeded entity, dialog, sheet, interception or user action to be validated before capture.","dialog:justification","clear_storage; close_target; restore_network","state_driver_preflight_required"
"attendance_list","login_secretary; profile_dense; navigate_attendance","CDP clears isolated storage, injects only a local audit token when required, navigates the declared route, waits for the declared marker, then clears target data.","text:Presences","clear_storage; close_target; restore_network","implemented_navigation_driver"
"attendance_nfc_unavailable","login_secretary; simulate_nfc_unavailable","The route driver is available, but the declared state needs a real seeded entity, dialog, sheet, interception or user action to be validated before capture.","state:nfc_unavailable","clear_storage; close_target; restore_network","state_driver_preflight_required"
"attendance_open","login_secretary; open_attendance_session","The route driver is available, but the declared state needs a real seeded entity, dialog, sheet, interception or user action to be validated before capture.","text:Session","clear_storage; close_target; restore_network","state_driver_preflight_required"
"attendance_qr","login_secretary; open_qr; use_local_token","The route driver is available, but the declared state needs a real seeded entity, dialog, sheet, interception or user action to be validated before capture.","text:QR","clear_storage; close_target; restore_network","state_driver_preflight_required"
"attendance_record","login_secretary; open_late_record","The route driver is available, but the declared state needs a real seeded entity, dialog, sheet, interception or user action to be validated before capture.","text:Retard","clear_storage; close_target; restore_network","state_driver_preflight_required"
"chat_conversation","login_member; open_private_conversation","The route driver is available, but the declared state needs a real seeded entity, dialog, sheet, interception or user action to be validated before capture.","message:Audit","clear_storage; close_target; restore_network","state_driver_preflight_required"
"chat_empty","login_member; open_empty_conversation","The route driver is available, but the declared state needs a real seeded entity, dialog, sheet, interception or user action to be validated before capture.","state:empty","clear_storage; close_target; restore_network","state_driver_preflight_required"
"chat_group","login_member; open_group_conversation","The route driver is available, but the declared state needs a real seeded entity, dialog, sheet, interception or user action to be validated before capture.","text:Conversation audit","clear_storage; close_target; restore_network","state_driver_preflight_required"
"chat_list","login_member; profile_dense; navigate_chat","CDP clears isolated storage, injects only a local audit token when required, navigates the declared route, waits for the declared marker, then clears target data.","text:Discussions","clear_storage; close_target; restore_network","implemented_navigation_driver"
"chat_send_failed","login_member; open_private_conversation; fail_send","CDP action is implemented but needs one live, accessible locator confirmation before any screenshot can be authorised.","state:send_failed","clear_storage; close_target; restore_network","locator_preflight_required"
"chat_sending","login_member; open_private_conversation; delay_send","CDP action is implemented but needs one live, accessible locator confirmation before any screenshot can be authorised.","state:sending","clear_storage; close_target; restore_network","locator_preflight_required"
"dashboard_dense","login_admin; profile_dense","CDP clears isolated storage, injects only a local audit token when required, navigates the declared route, waits for the declared marker, then clears target data.","text:Tableau de bord","clear_storage; close_target; restore_network","implemented_navigation_driver"
"dashboard_empty","login_admin; profile_empty","The route driver is available, but the declared state needs a real seeded entity, dialog, sheet, interception or user action to be validated before capture.","state:empty","clear_storage; close_target; restore_network","state_driver_preflight_required"
"dashboard_error","login_admin; intercept_dashboard_500","CDP action is implemented but needs one live, accessible locator confirmation before any screenshot can be authorised.","state:error","clear_storage; close_target; restore_network","locator_preflight_required"
"dashboard_finance","login_finance; profile_dense","CDP clears isolated storage, injects only a local audit token when required, navigates the declared route, waits for the declared marker, then clears target data.","text:Tableau de bord","clear_storage; close_target; restore_network","implemented_navigation_driver"
"dashboard_member","login_member; profile_nominal","CDP clears isolated storage, injects only a local audit token when required, navigates the declared route, waits for the declared marker, then clears target data.","text:Tableau de bord","clear_storage; close_target; restore_network","implemented_navigation_driver"
"dashboard_multirole","login_multirole; profile_dense","CDP clears isolated storage, injects only a local audit token when required, navigates the declared route, waits for the declared marker, then clears target data.","text:Tableau de bord","clear_storage; close_target; restore_network","implemented_navigation_driver"
"dashboard_partial","login_admin; profile_partial","The route driver is available, but the declared state needs a real seeded entity, dialog, sheet, interception or user action to be validated before capture.","state:partial","clear_storage; close_target; restore_network","state_driver_preflight_required"
"dashboard_pole","login_polelead; profile_dense","CDP clears isolated storage, injects only a local audit token when required, navigates the declared route, waits for the declared marker, then clears target data.","text:Tableau de bord","clear_storage; close_target; restore_network","implemented_navigation_driver"
"disabled_login","submit_inactive_credentials","CDP action is implemented but needs one live, accessible locator confirmation before any screenshot can be authorised.","text:Compte","clear_storage; close_target; restore_network","locator_preflight_required"
"expired_session","inject_expired_token; navigate_dashboard","CDP action is implemented but needs one live, accessible locator confirmation before any screenshot can be authorised.","text:Connexion","clear_storage; close_target; restore_network","locator_preflight_required"
"finance_dashboard","login_finance; profile_dense; navigate_finance","CDP clears isolated storage, injects only a local audit token when required, navigates the declared route, waits for the declared marker, then clears target data.","text:Finance","clear_storage; close_target; restore_network","implemented_navigation_driver"
"impact_dashboard","login_teamleader; profile_dense; navigate_impact","CDP clears isolated storage, injects only a local audit token when required, navigates the declared route, waits for the declared marker, then clears target data.","text:Impact","clear_storage; close_target; restore_network","implemented_navigation_driver"
"impact_partial","login_teamleader; profile_partial; navigate_impact","The route driver is available, but the declared state needs a real seeded entity, dialog, sheet, interception or user action to be validated before capture.","state:partial","clear_storage; close_target; restore_network","state_driver_preflight_required"
"invalid_login","submit_invalid_credentials","CDP action is implemented but needs one live, accessible locator confirmation before any screenshot can be authorised.","text:Identifiants","clear_storage; close_target; restore_network","locator_preflight_required"
"login_form","clear_storage; navigate_login","CDP clears isolated storage, injects only a local audit token when required, navigates the declared route, waits for the declared marker, then clears target data.","text:Connexion","clear_storage; close_target; restore_network","implemented_navigation_driver"
"member_disable","login_admin; open_disable_confirmation","CDP action is implemented but needs one live, accessible locator confirmation before any screenshot can be authorised.","dialog:confirmation","clear_storage; close_target; restore_network","locator_preflight_required"
"member_edit","login_admin; open_member_edit","CDP action is implemented but needs one live, accessible locator confirmation before any screenshot can be authorised.","dialog:edit_member","clear_storage; close_target; restore_network","locator_preflight_required"
"member_import","login_admin; open_import","CDP action is implemented but needs one live, accessible locator confirmation before any screenshot can be authorised.","dialog:import","clear_storage; close_target; restore_network","locator_preflight_required"
"member_profile","login_admin; open_member_complete","The route driver is available, but the declared state needs a real seeded entity, dialog, sheet, interception or user action to be validated before capture.","text:Audit","clear_storage; close_target; restore_network","state_driver_preflight_required"
"member_profile_incomplete","login_admin; open_member_incomplete","The route driver is available, but the declared state needs a real seeded entity, dialog, sheet, interception or user action to be validated before capture.","text:Audit","clear_storage; close_target; restore_network","state_driver_preflight_required"
"member_profile_multirole","login_admin; open_multirole","The route driver is available, but the declared state needs a real seeded entity, dialog, sheet, interception or user action to be validated before capture.","text:MultiRole","clear_storage; close_target; restore_network","state_driver_preflight_required"
"members_list","login_admin; profile_dense; navigate_members","CDP clears isolated storage, injects only a local audit token when required, navigates the declared route, waits for the declared marker, then clears target data.","text:Membres","clear_storage; close_target; restore_network","implemented_navigation_driver"
"network_offline","login_member; set_offline; navigate_dashboard","CDP action is implemented but needs one live, accessible locator confirmation before any screenshot can be authorised.","state:offline","clear_storage; close_target; restore_network","locator_preflight_required"
"password_recovery","open_password_recovery","CDP action is implemented but needs one live, accessible locator confirmation before any screenshot can be authorised.","text:Mot de passe","clear_storage; close_target; restore_network","locator_preflight_required"
"password_toggle","toggle_password_visibility","CDP action is implemented but needs one live, accessible locator confirmation before any screenshot can be authorised.","input:password","clear_storage; close_target; restore_network","locator_preflight_required"
"payment_pending","login_finance; open_pending_payment","The route driver is available, but the declared state needs a real seeded entity, dialog, sheet, interception or user action to be validated before capture.","text:Paiement","clear_storage; close_target; restore_network","state_driver_preflight_required"
"payment_proof","login_finance; open_payment_proof","The route driver is available, but the declared state needs a real seeded entity, dialog, sheet, interception or user action to be validated before capture.","preview:proof","clear_storage; close_target; restore_network","state_driver_preflight_required"
"payment_rejected","login_finance; open_rejected_payment","The route driver is available, but the declared state needs a real seeded entity, dialog, sheet, interception or user action to be validated before capture.","text:Refuse","clear_storage; close_target; restore_network","state_driver_preflight_required"
"shell_admin_desktop","login_admin; navigate_dashboard","The route driver is available, but the declared state needs a real seeded entity, dialog, sheet, interception or user action to be validated before capture.","nav:desktop","clear_storage; close_target; restore_network","state_driver_preflight_required"
"shell_alumni_menu","login_alumni; open_menu","The route driver is available, but the declared state needs a real seeded entity, dialog, sheet, interception or user action to be validated before capture.","nav:limited","clear_storage; close_target; restore_network","state_driver_preflight_required"
"shell_badges","login_admin; unread_notifications","The route driver is available, but the declared state needs a real seeded entity, dialog, sheet, interception or user action to be validated before capture.","badge:notifications","clear_storage; close_target; restore_network","state_driver_preflight_required"
"shell_finance_tablet","login_finance; navigate_dashboard","The route driver is available, but the declared state needs a real seeded entity, dialog, sheet, interception or user action to be validated before capture.","nav:tablet","clear_storage; close_target; restore_network","state_driver_preflight_required"
"shell_member_mobile","login_member; navigate_dashboard","The route driver is available, but the declared state needs a real seeded entity, dialog, sheet, interception or user action to be validated before capture.","nav:mobile","clear_storage; close_target; restore_network","state_driver_preflight_required"
"splash_bootstrap","clear_storage; open_app","CDP clears isolated storage, injects only a local audit token when required, navigates the declared route, waits for the declared marker, then clears target data.","text:EnactSpace","clear_storage; close_target; restore_network","implemented_navigation_driver"
