"RelativePath","Extension","SizeMB","Modified","SHA256","Classification"
"Capture d'écran 2026-06-03 223005.png",".png","0.28","6/3/2026 10:30:06 PM","0C12C8596B8C1AC75BAB2C70FBA088A410592523D7D6F349663B91326B51B191","INTERNAL_KNOWLEDGE"
"Capture d'écran 2026-06-03 223018.png",".png","0.13","6/3/2026 10:30:18 PM","C8CD80CF52EEE4F8841BB86EBB2DC32A65C130507FFD39996CA0BF78E2EA7F93","INTERNAL_KNOWLEDGE"
"DOCS\2025-2026-Standardized-Impact-Page.pdf",".pdf","0.06","6/14/2026 8:56:26 PM","04C26C0E62F4911E52C7C8256776B38C6DCEBA0709DE925CEB1C8486A0EB3DF5","INTERNAL_KNOWLEDGE"
"DOCS\Budgeting-Financial-Management.pdf",".pdf","0.04","6/14/2026 8:57:01 PM","5DF8666E7742AF736302A152EBC750FDCC8890C937995DBC6B11B9181FA796EC","INTERNAL_KNOWLEDGE"
"DOCS\Building-an-Enactus-Team.pdf",".pdf","1","6/14/2026 8:48:07 PM","B076484BE609F4EE0B23313C824294F3F986C2D59BBB2531C813FCE7B2D7B0D5","INTERNAL_KNOWLEDGE"
"DOCS\Connecting-With-Alumni-External-Stakeholders.pdf",".pdf","0.71","6/14/2026 8:47:22 PM","2C5D438E57B2324E7FBA773BBC32AC9A8CC86F8AE8711B784B8D17CCF79A5E28","INTERNAL_KNOWLEDGE"
"DOCS\Enactus_Equipe_Organigramme.pdf",".pdf","0.4","6/4/2026 8:31:43 AM","C10107B0DB5E5DBE1146402F99A1E659869AC2ED18EF0BBFB9E9EBD3D5BB608E","INTERNAL_KNOWLEDGE"
"DOCS\Enactus-Canada-2024-2025-Team-Manual.pdf",".pdf","2.11","6/14/2026 8:35:19 PM","2FDD4EF845F50853715CF8CE0B142397404A233E0C7243919356FE127250DC6D","INTERNAL_KNOWLEDGE"
"DOCS\Enactus-Impact-Reporting-Evaluation-Guide-2025-2026.pdf",".pdf","0.74","6/14/2026 8:53:15 PM","92D548BE06F5853E65282CF6131150C95F45CA71D19B8FB381105D4801381A77","INTERNAL_KNOWLEDGE"
"DOCS\Enactus-Project-Guide.pdf",".pdf","0.1","6/14/2026 8:53:04 PM","40E8278B49263F95E7F17D94A17B3D2A01CE232B5C6CC1AFD68A3150C0914026","INTERNAL_KNOWLEDGE"
"DOCS\Explication-du-critere-Enactus.pdf",".pdf","0.88","6/4/2026 8:24:45 AM","B16B9B70CEFBC6A84E2518AA08B30A2B8A13EA9177A26536ACC99D55899190E3","INTERNAL_KNOWLEDGE"
"DOCS\FacultyAdvisor_Handbook_sept2025-1.pdf",".pdf","2.95","6/14/2026 8:51:50 PM","D43935A1A887FCFB116D002914C82A6BFCE968B512F93A6806EA2F3DD48CA5F4","INTERNAL_KNOWLEDGE"
"DOCS\Fundraising-101.pdf",".pdf","0.12","6/14/2026 8:56:52 PM","BCADC440C2BF494E804E0880B79FB9B84E4D02B97DAF1ABFAD853CD5C31CC3F6","INTERNAL_KNOWLEDGE"
"DOCS\Needs-Assessment-Template.docx",".docx","0.04","6/14/2026 8:53:37 PM","03D2A0DB0F3496EB5DFC1F31480E1BE8C0CAB116B929D39E45FE65013CC16621","INTERNAL_KNOWLEDGE"
"DOCS\Needs-Assessment-Template-French.pdf",".pdf","0.09","6/4/2026 8:31:17 AM","32BACB1D069EC86854579CD491A73D8A886F01ED83A3EDD1299E638D9C1D2675","INTERNAL_KNOWLEDGE"
"DOCS\North-Strategic_Enactus_Marketing-Presentation.pdf",".pdf","2.95","6/14/2026 8:47:37 PM","95DFAA1E0A6C90A543958AD9D1E5E0B0F4F72BAF34B3B509DE52D754377316B8","INTERNAL_KNOWLEDGE"
"DOCS\PR-101.pdf",".pdf","0.12","6/14/2026 8:45:25 PM","4EB9B4F5228DE9A95FA7C1A296793DB6B567965CFDC383F8E3560B0E64C693E2","INTERNAL_KNOWLEDGE"
"DOCS\Processus-de-creation-de-projets.pdf",".pdf","2.19","6/4/2026 8:31:31 AM","ED2653C4418F7816C5730578D086EDFED4298EF63B71FEB5F78DC14194E4C716","INTERNAL_KNOWLEDGE"
"DOCS\Project-Models.pdf",".pdf","1.25","6/14/2026 8:53:26 PM","3628C5F6EFF0EF5843A990680486DB4EFBF4FBC2F5A80D42B2F9B537E1BD9818","INTERNAL_KNOWLEDGE"
"DOCS\Sample-Annual-Report.pdf",".pdf","4.1","6/14/2026 8:58:11 PM","08D17A42A05B15FBED621512C0B2894A2B5F197F20F7D53D983F458F1F857802","INTERNAL_KNOWLEDGE"
"DOCS\Sample-Job-Description.docx",".docx","0.03","6/14/2026 8:49:42 PM","3DE22D611AAF172BD85ADB91D3D53519E2455BB5E5483205B10BB6E9A536DEB3","INTERNAL_KNOWLEDGE"
"DOCS\Student-Leader-Selection-Process-.pdf",".pdf","0.11","6/14/2026 8:49:20 PM","9BF297213678A8F2CEA155B54667990DF38A61204B1BCF2D29F939F3EB1B37A7","INTERNAL_KNOWLEDGE"
"DOCS\Tech-Presentation-Strategies.pdf",".pdf","0.12","6/14/2026 8:43:19 PM","E7A9C025CE4A6A77DA41BFC5C511CFCD555204B28B7A431B0F0AB435C31A5AFE","INTERNAL_KNOWLEDGE"
"DOCS\Working-with-Faculty-Advisors-School-Administration.pdf",".pdf","0.1","6/14/2026 8:46:43 PM","5B681BE47FE06DB8C22BFB27E61E49A6A2BE074A03BA42827BA348D54CAC2546","INTERNAL_KNOWLEDGE"
"documents\enactspace_cahier_cadrage.pdf",".pdf","0.11","6/9/2026 11:56:37 AM","49B648B64833145D0D1053B62D07314A0F0ABF9C78F7A7D340F2A973F77653C4","INTERNAL_KNOWLEDGE"
"documents\enactspace_cahier_cadrage\enactspace_cahier_cadrage.pdf",".pdf","0.23","6/9/2026 12:16:24 PM","A9C79B4ECCC4CC03531A0B64CA3F4FF6D96FBF986A352C8A3150D6EAF06C3425","INTERNAL_KNOWLEDGE"
"documents\Enactus 2025\Pôle Chimie\Bilans\Modèle de bilan mensuel.docx",".docx","0.07","6/27/2026 9:38:20 AM","3724EDDD5176BFD4C1018EAAA46B8948361D932611D0ABE9A29AEE35159A0D63","INTERNAL_KNOWLEDGE"
"documents\Enactus 2025\Pôle Chimie\Bilans\Modèle rapport de test.docx",".docx","0.08","6/27/2026 9:38:20 AM","E8F1E46D9FFACF681BFB726CDC2417C1FE949CD09B886AEE2BA237DD3C67A169","INTERNAL_KNOWLEDGE"
"documents\Enactus 2025\Pôle Chimie\Bilans\Modèle rapport de voyage.docx",".docx","0.07","6/27/2026 9:38:20 AM","FCDCC1C450634EBFB2AD8342D48964F2EC4894FC769747388247A913F5FB9572","INTERNAL_KNOWLEDGE"
"documents\Enactus 2025\Pôle Chimie\Bilans\PÔLE CHIMIE - BILAN ANNUEL 2024-2025.pdf",".pdf","3.96","6/27/2026 9:38:20 AM","F00492A7029D31FB026BF8B3B71A50DAE63E4CF4CCAB894E4399BDC9AF919553","INTERNAL_KNOWLEDGE"
"documents\Enactus 2025\Pôle Chimie\Budgétisations\Budgétisation des matériels du pôle chimie.xlsx",".xlsx","0.06","6/27/2026 9:38:21 AM","070E072B8207FD3ADC8B14A0DC0108E0DBCFC004940026F02138AA662BE864F5","INTERNAL_KNOWLEDGE"
"documents\Enactus 2025\Pôle Chimie\Budgétisations\budgétisation pôle chimie Classeur1.xlsx",".xlsx","0.01","6/27/2026 9:38:21 AM","85955F76C2774610DD27C186796CE6695F5F7C18078616845F8E5F3A2AD432CC","INTERNAL_KNOWLEDGE"
"documents\Enactus 2025\Pôle Chimie\Budgétisations\Budgétisation projets.xlsx",".xlsx","0.01","6/27/2026 9:38:21 AM","7DE80914177F3B4735F61AB337D73F1B0DE5762464042275284DA90F36CD2CE3","INTERNAL_KNOWLEDGE"
"documents\Enactus 2025\Pôle Chimie\Budgétisations\Bugetisation des besoins du pôle chimie r.pdf",".pdf","0.15","6/27/2026 9:38:21 AM","48EC72796EB354C85B982EDB30E3CF8E549F4092BC39440F9C7EBE3AAD1555C3","INTERNAL_KNOWLEDGE"
"documents\Enactus 2025\Pôle Chimie\Budgétisations\certificat.pdf",".pdf","0.04","6/27/2026 9:38:21 AM","929F1706C96DB38E3EF657A61E94E00F8FB5951FF1881BD65FB3783363D33777","INTERNAL_KNOWLEDGE"
"documents\Enactus 2025\Pôle Chimie\Budgétisations\DOC-20241110-WA0040_.xlsx",".xlsx","0.06","6/27/2026 9:38:21 AM","F6A606C285D2A33DC443043BA969B5CF4507C827156D4A85D8FB5F2C88E10ECF","INTERNAL_KNOWLEDGE"
"documents\Enactus 2025\Pôle Chimie\Budgétisations\PV.odt",".odt","0.04","6/27/2026 9:38:21 AM","2E9E7ED1960085B7644735205F2835CBB9187A4E1AF22F2555EF4B22E3EC8F6F","INTERNAL_KNOWLEDGE"
"documents\Enactus 2025\Pôle Chimie\CAJOR\Budgétisation CAJOR.xlsx",".xlsx","0.02","6/27/2026 9:38:21 AM","ECE2C8B36DC0331AA6081C063EF7D0CD845068592845F8A1AB5BA3E9C5754629","INTERNAL_KNOWLEDGE"
"documents\Enactus 2025\Pôle Chimie\CAJOR\Cahier des charges presse.pdf",".pdf","0.22","6/27/2026 9:38:21 AM","FA4836B91B6ECFA429A21F124C0289F43E9DF1054371ABD5FD4D474E3AA595DD","INTERNAL_KNOWLEDGE"
"documents\Enactus 2025\Pôle Chimie\CAJOR\CAJOR.docx",".docx","0.93","6/27/2026 9:38:21 AM","732954878E8AAF687C628C726DC58C641E318F97B13FEB6DD64D1C5E67E1E963","INTERNAL_KNOWLEDGE"
"documents\Enactus 2025\Pôle Chimie\CAJOR\IMG-20241231-WA0007.jpg",".jpg","0.33","6/27/2026 9:38:21 AM","B5B8484C3135ED987EC1D1F0FFA2CB648D63E57FFDDAE183B08666505EED9A2E","INTERNAL_KNOWLEDGE"
"documents\Enactus 2025\Pôle Chimie\CAJOR\PÔLE CHIMIE.docx",".docx","0.36","6/27/2026 9:38:21 AM","B58C014FD1A673EB76228618CDF464D4952DEB68B3249A038A6DBA191E6CD52C","INTERNAL_KNOWLEDGE"
"documents\Enactus 2025\Pôle Chimie\CAJOR\POSTER CAJOR.pptx",".pptx","0.29","6/27/2026 9:38:21 AM","70C7FCC42DB399959A5327CC9E976CB5E5D96EAA403F1094F8F71D33D4B3F22A","INTERNAL_KNOWLEDGE"
"documents\Enactus 2025\Pôle Chimie\CAJOR\POSTER DU PROJET CAJOR.pdf",".pdf","0.22","6/27/2026 9:38:21 AM","8242FEEA2E973A33C99BA2CCCB1E1610821EBE71C95A6B5607B6E69D75EF4422","INTERNAL_KNOWLEDGE"
"documents\Enactus 2025\Pôle Chimie\CAJOR\POSTER DU PROJET PPT.pptx",".pptx","2.65","6/27/2026 9:38:21 AM","EEBB5D184CE0DAE06B764CFA52D98ADBF0B4EA57BAE42416F1E87035B135268E","INTERNAL_KNOWLEDGE"
"documents\Enactus 2025\Pôle Chimie\Collab Weurseuk\PV reunion Stratégique 1.pdf",".pdf","0.44","6/27/2026 9:38:21 AM","89F58E66D08978E03B5843E6B424BEC8B091D4A23E9A3A7C7A7E531CFD5B71B3","INTERNAL_KNOWLEDGE"
"documents\Enactus 2025\Pôle Chimie\Collab Weurseuk\Questionnaire Formation nutritionnelle.docx",".docx","0.2","6/27/2026 9:38:21 AM","421661074537DA7F69512192D4E2D06E016FE4EB7193E0649F052E59468FF3CD","INTERNAL_KNOWLEDGE"
"documents\Enactus 2025\Pôle Chimie\Planification\modele-liste-de-taches.xlsx",".xlsx","0.02","6/27/2026 9:38:21 AM","B1622E53488BCC2A705CAF44B34857A8BBD6CA8E101B0DC3FC8DDC7B21DAB8B5","INTERNAL_KNOWLEDGE"
"documents\Enactus 2025\Pôle Chimie\PVs\Aout 2024\PV POLE CHIMIE 16 Aout 2024.pdf",".pdf","0.1","6/27/2026 9:38:20 AM","24601E8D644333AB4D184B6DE030F22A17BAF94D900701081161D69759CB658C","INTERNAL_KNOWLEDGE"
"documents\Enactus 2025\Pôle Chimie\PVs\Aout 2024\PV POLE CHIMIE 31 AOUT .pdf",".pdf","0.09","6/27/2026 9:38:20 AM","66FAB744FE99396A82269737E7EACA4021E0F39B9D3FE11BAF153E5ECB218E63","INTERNAL_KNOWLEDGE"
"documents\Enactus 2025\Pôle Chimie\PVs\Avril 2025\PV du 4 avril 2025.pdf",".pdf","0.21","6/27/2026 9:38:20 AM","598B718AE3A3A3379E5E73E9DAFE6B1BBFE300D87B72CFDF1BB47318689DB083","INTERNAL_KNOWLEDGE"
"documents\Enactus 2025\Pôle Chimie\PVs\Décembre 2024\PV POLE CHIMIE 13 DEC 2024.pdf",".pdf","0.15","6/27/2026 9:38:20 AM","A82F3D2AE9A42BF20661668EE3F861BDC39121D0DB0D65E7ED25641B14FFA4DA","INTERNAL_KNOWLEDGE"
"documents\Enactus 2025\Pôle Chimie\PVs\Février 2025\PV pole chimie 07 Fev.pdf",".pdf","0.09","6/27/2026 9:38:20 AM","099FA3F7FC4375D809E91D51F0B96FB3D35261FBD56A4DE83AEB847C55A3B827","INTERNAL_KNOWLEDGE"
"documents\Enactus 2025\Pôle Chimie\PVs\Février 2025\PV pole chimie 14 Fev.pdf",".pdf","0.09","6/27/2026 9:38:20 AM","1086D3A1D50BC112F6A9EE6DB1970E11AAE2984810A2B1BD3E752DC5B3D62084","INTERNAL_KNOWLEDGE"
"documents\Enactus 2025\Pôle Chimie\PVs\Février 2025\PV pole chimie 19 Fev.pdf",".pdf","0.09","6/27/2026 9:38:20 AM","C3CD7076DFD511C27FC3F5BF98BC4B42B272021C5EBB5EDBB3DF6837EF8670A0","INTERNAL_KNOWLEDGE"
"documents\Enactus 2025\Pôle Chimie\PVs\Janvier 2025\PV Pole chimie 03 JAN 2025.pdf",".pdf","0.09","6/27/2026 9:38:20 AM","45906B5B59F92420CCCC28CB5E6E29258B25838560A5DA7ECC391587C6F97592","INTERNAL_KNOWLEDGE"
"documents\Enactus 2025\Pôle Chimie\PVs\Janvier 2025\PV POLE CHIMIE 17 Janv 2025.pdf",".pdf","0.09","6/27/2026 9:38:20 AM","3B09DC43BABBD6FD9C474B0A98D78FD93582BD0CD8CF05E51043F34362BBA0BA","INTERNAL_KNOWLEDGE"
"documents\Enactus 2025\Pôle Chimie\PVs\Janvier 2025\PV POLE CHIMIE 27 Janv 2025.pdf",".pdf","0.1","6/27/2026 9:38:20 AM","CC46576637DD6183791C8A7AB5CE640580CBB971EDCEDD49558C5C47C57ECE8E","INTERNAL_KNOWLEDGE"
"documents\Enactus 2025\Pôle Chimie\PVs\Mai 2024\PV POLE CHIMIE 28 Mai 2024.pdf",".pdf","0.1","6/27/2026 9:38:20 AM","6BCF2222758D65B3482976CB3AC7092358D96BB5EE1BD17078904643581C4C37","INTERNAL_KNOWLEDGE"
"documents\Enactus 2025\Pôle Chimie\PVs\Mars 2025\PV du 21 mars 2025.pdf",".pdf","0.22","6/27/2026 9:38:20 AM","E5AB8FB60068108BD676862EB253B892EA957853C19CCBDD7C7E7FD758553211","INTERNAL_KNOWLEDGE"
"documents\Enactus 2025\Pôle Chimie\PVs\Mars 2025\PV du 28 mars 2025.pdf",".pdf","0.2","6/27/2026 9:38:20 AM","9D048B87ED43D57B38D0FFB65731E4BA93946BB9899EDF99F685EEFB98430CA7","INTERNAL_KNOWLEDGE"
"documents\Enactus 2025\Pôle Chimie\PVs\Novembre 2024\PV POLE CHIMIE 01 NOV 2024.pdf",".pdf","0.1","6/27/2026 9:38:20 AM","758AFF47ACC80A7C9C4FD71AD01B80AF8F27C86979FCD69C844A322C408C0D55","INTERNAL_KNOWLEDGE"
"documents\Enactus 2025\Pôle Chimie\PVs\Novembre 2024\PV POLE CHIMIE 04 NOV 2024.pdf",".pdf","0.09","6/27/2026 9:38:20 AM","E43C88D543D75F25E529083CFF885D9074A5F0ABD3E9B76F2614C1459135FD01","INTERNAL_KNOWLEDGE"
"documents\Enactus 2025\Pôle Chimie\PVs\Novembre 2024\PV POLE CHIMIE 15 NOV 2024.pdf",".pdf","0.11","6/27/2026 9:38:20 AM","99BCDAD8C08B9BC412EFECB1E52F7AFA2D44D89061FF7EF57255E178711E5DD9","INTERNAL_KNOWLEDGE"
"documents\Enactus 2025\Pôle Chimie\PVs\Novembre 2024\PV POLE CHIMIE 22 Nov 2024.pdf",".pdf","0.09","6/27/2026 9:38:20 AM","DF8B2E5EF339BAF106B726DFC52A41873D5691E1F2C9E93A73A5E0C6F7561063","INTERNAL_KNOWLEDGE"
"documents\Enactus 2025\Pôle Chimie\PVs\Novembre 2024\PV POLE CHIMIE 29 NOV 2024.pdf",".pdf","0.09","6/27/2026 9:38:20 AM","86E246091363D79A356F9F0663FDF32B0785D8A8DDC8CA0B04D61359215007A5","INTERNAL_KNOWLEDGE"
"documents\Enactus 2025\Pôle Chimie\PVs\Octobre 2024\PV POLE CHIMIE 04 OCT 2024.pdf",".pdf","0.09","6/27/2026 9:38:20 AM","4B7DFD4F7CE7F740410C87065EA92D40A48D49B988F212CF0FA5C0431B7F6307","INTERNAL_KNOWLEDGE"
"documents\Enactus 2025\Pôle Chimie\PVs\PV du 14Juin2024.docx",".docx","0.02","6/27/2026 9:38:20 AM","7C25602C0DCD6F219BCEE9965E2B550B925027447C675FE0B990DEAFDB16278A","INTERNAL_KNOWLEDGE"
"documents\Enactus 2025\Pôle Chimie\PVs\Septembre 2024\PV POLE CHIMIE 06 SEP 2024.pdf",".pdf","0.1","6/27/2026 9:38:20 AM","D2448B7FA32A86DE4271DAEC929AA55DA5A1804FF019C645A3FAAD930F1A8153","INTERNAL_KNOWLEDGE"
"documents\Enactus 2025\Pôle Chimie\PVs\Septembre 2024\PV POLE CHIMIE 13 SEP  2024.pdf",".pdf","0.09","6/27/2026 9:38:20 AM","B00D3BA9671E239061FBAD7D566CC74DD4A443C0E8413075E2980A0B3E8395C9","INTERNAL_KNOWLEDGE"
"documents\Enactus 2025\Pôle Chimie\Rapports\Draft rapport de voyage du 10 au 13_08_2024.docx",".docx","0.01","6/27/2026 9:38:21 AM","1EEC7664151ED1C4ACBF5D0914A69F468805F9A5659DDF6E348F1C49DFC0879C","INTERNAL_KNOWLEDGE"
"documents\Enactus 2025\Pôle Chimie\Rapports\Eco friendly packaging solutions .pdf",".pdf","2.24","6/27/2026 9:38:21 AM","513DAFBBF48BC93616476642AB1819C615BE38D311110D0214CA64A57DFB5C09","INTERNAL_KNOWLEDGE"
"documents\Enactus 2025\Pôle Chimie\Rapports\Moringa et Noix de Cajou_v2 (1) (2).pdf",".pdf","1","6/27/2026 9:38:21 AM","EF219D14C45113D2B2F70477BCBC56AB58CF9F0391E6C2FA45E530A29E62A463","INTERNAL_KNOWLEDGE"
"documents\Enactus 2025\Pôle Chimie\Rapports\RAPPORT DE VOYAGE POLE CHIMIEfirst.docx",".docx","0.01","6/27/2026 9:38:21 AM","4CDBF1CD3137B177BDADBE0380321332CD521D7537100CE14E1A264BE260A5C1","INTERNAL_KNOWLEDGE"
"documents\Enactus 2025\Pôle Chimie\Rapports\Rapport tests Mën Nagn .pdf",".pdf","9.62","6/27/2026 9:38:21 AM","616FE9A359C81E0D6EF53AF73895ED1E8578D274F4A29B9AF9554DC47ECF8CB4","INTERNAL_KNOWLEDGE"
"documents\Enactus 2025\Pôle Chimie\Rapports\rapport_terrasen.docx",".docx","0.54","6/27/2026 9:38:21 AM","72C473A82C6C166BF9036372207C1921D2844156812C42BE7E969B2C03A2B5D5","INTERNAL_KNOWLEDGE"
"documents\Enactus 2025\Pôle Chimie\Rapports\Structurations et prévisions.docx",".docx","0.01","6/27/2026 9:38:21 AM","77AE8BDB9597E5EA2459B8F68EF6BF1E9A2E32A22AEE622ED461A9EB8843D7A5","INTERNAL_KNOWLEDGE"
"documents\Enactus 2025\Pôle Chimie\Recettes\biscuits.jpg",".jpg","0.16","6/27/2026 9:38:21 AM","5C4B1F0FA195E8F1DFFF95D61B526193D90D8C7F9541CF824FD239E302CDBBF9","INTERNAL_KNOWLEDGE"
"documents\Enactus 2025\Pôle Chimie\Recettes\COMPOTE CAROTTE-POMME DE TERRE.docx",".docx","0.01","6/27/2026 9:38:21 AM","625A3D6E4B87054263A783D9D2C11028E63C82B80C2CFE3567861F61958A31A5","INTERNAL_KNOWLEDGE"
"documents\Enactus 2025\Pôle Chimie\Recettes\Process de fabrication tomate concentrAÌÂ©️e2.docx",".docx","0.01","6/27/2026 9:38:21 AM","C932B1482B8AADC4E4CEF42D0E72D3D5AA35B401F91AEF5D2055A13F7EC31568","INTERNAL_KNOWLEDGE"
"documents\Enactus 2025\Pôle Chimie\Recettes\recettes_transfert.docx",".docx","0.88","6/27/2026 9:38:21 AM","2B0154EAE3C0C64202C65BE14644EDA5F2D87AD7C333F7B7546A0901BEF5D53D","INTERNAL_KNOWLEDGE"
"documents\Enactus 2025\Pôle Chimie\Recettes\SAUCE VERTE.docx",".docx","0.01","6/27/2026 9:38:21 AM","5FE74B6B2998053534E9E23152FA630E14775BB984F0A37D0A0E2FF0E1B75DFF","INTERNAL_KNOWLEDGE"
"documents\Enactus 2025\Pôle Chimie\Recettes\yoghourt.jpg",".jpg","0.07","6/27/2026 9:38:21 AM","C3B8816EC4D0CAE7658ED52EA9616CC6BB9B32D77DDC3E1B0049F7D87666FECA","INTERNAL_KNOWLEDGE"
"documents\Enactus 2025\Pôle Comm\Budgétisation\Budget Com Enactus 2025 (1).xlsx",".xlsx","0.26","6/27/2026 9:38:16 AM","9B8D468734503506AD233163C5515C8F99D768005E34FA5704C9E6312911083A","INTERNAL_KNOWLEDGE"
"documents\Enactus 2025\Pôle Comm\Feuille de route\Feuille de route COM 2025.pdf",".pdf","1.03","6/27/2026 9:38:16 AM","BFBC16C14A2B3426263F29FB706B596686E44CC35423A8BE241EA4FB896674D6","INTERNAL_KNOWLEDGE"
"documents\Enactus 2025\Pôle Comm\PV réunions\Pv du 26 janvier.pdf",".pdf","0.38","6/27/2026 9:36:54 AM","0684D05F883FA5230651FE5AA6244B2BA3AE700BEF385154AB6E946ABF1934C8","INTERNAL_KNOWLEDGE"
"documents\Enactus 2025\Pôle Comm\PV réunions\PV du 26 Mars.jpg",".jpg","0.11","6/27/2026 9:36:54 AM","181C6F6FC33C707B5C2A29295E3C5969FC4D53BBDD06628A1D0B9A7668D457DD","INTERNAL_KNOWLEDGE"
"documents\Enactus 2025\Pôle Comm\PV réunions\Pv du 9 Mars.jpg",".jpg","0.13","6/27/2026 9:36:54 AM","6B83D58772351F0E65CE9FDBE076A2B68F32D7DEB756AC68255D212F97E454B3","INTERNAL_KNOWLEDGE"
"documents\Enactus 2025\Pôle Comm\Salon Polytech\IMG_8352.JPG",".jpg","0.45","6/27/2026 9:36:56 AM","4AC8BAD185CA443651D47EA44A8209CC50A0ADC1796CB522F214DF8FDA31A7A1","INTERNAL_KNOWLEDGE"
"documents\Enactus 2025\Pôle Comm\Tâches de Semaine\16 Février .jpg",".jpg","0.08","6/27/2026 9:36:55 AM","8348CE1AC22B7732A45A3794CFE120C14DD0F816DF03FE0219D2334CFFF7B249","INTERNAL_KNOWLEDGE"
"documents\Enactus 2025\Pôle Comm\Tâches de Semaine\16 Mars.jpg",".jpg","0.08","6/27/2026 9:36:55 AM","54F158532605CA140714EC59D1FF8F043DB9AFF795608A633314074CEF7A5E38","INTERNAL_KNOWLEDGE"
"documents\Enactus 2025\Pôle Comm\Tâches de Semaine\23 Février .jpg",".jpg","0.08","6/27/2026 9:36:55 AM","38AA34FA2538F5C76992C6ECCD78B70982D1FC2C4F886A236161E0ADD0B02F72","INTERNAL_KNOWLEDGE"
"documents\Enactus 2025\Pôle Comm\Tâches de Semaine\6 Avril.jpg",".jpg","0.08","6/27/2026 9:36:55 AM","86D8B5A2BDD79676161987FE5AEFACAA96A25CAFE80093CF1F19DBE860AA4C87","INTERNAL_KNOWLEDGE"
"documents\Enactus 2025\Pôle Gestion\compte rendu 03 mars 2024 pôle gestion.pdf",".pdf","0.19","6/27/2026 9:38:22 AM","B10FD22ED01C56654AFFDA59C83CD7EE55AD2F36A7BCF95552A68D7FA63550DA","INTERNAL_KNOWLEDGE"
"documents\Enactus 2025\Pôle Gestion\compte rendu de reunion lundi 09 décembre 2024.pdf",".pdf","0.2","6/27/2026 9:38:22 AM","D9CEBD80488269A2A7C48907337E972166E15DC016EE1B8B584F3ECF2EC6905C","INTERNAL_KNOWLEDGE"
"documents\Enactus 2025\Pôle Gestion\compte rendu de réunion pôle gestion 03 fevrier 2025.pdf",".pdf","0.19","6/27/2026 9:38:22 AM","EBAE39B7A8AC763A93510789DB5FEB8A1C22699E3E9E4A3E47296EB5283FA5E5","INTERNAL_KNOWLEDGE"
"documents\Enactus 2025\Pôle Gestion\Objectifs et plan stratégique.pdf",".pdf","0.04","6/27/2026 9:38:22 AM","CDE17BBDDD35B768C01CACDA81B54353014D653EA32EEA2D4EB5E613E9BC5397","INTERNAL_KNOWLEDGE"
"documents\Enactus 2025\Pôle Gestion\Plan stratégique Unité Finance.docx",".docx","0.02","6/27/2026 9:38:22 AM","E0B78C48E1016137A72A041592FFE967B300EA5EB3AF9300CDB898D307B8B547","INTERNAL_KNOWLEDGE"
"documents\Enactus 2025\Pôle Gestion\POLE PARTNERSHIP.docx",".docx","0.02","6/27/2026 9:38:22 AM","51D6E8B79159AD99E331A583B342A455A5A2A1245388DE4ADC0CAA4D588BE80E","INTERNAL_KNOWLEDGE"
"documents\Enactus 2025\Pôle Gestion\Projet de Commercialisation des produits - Mën Nan.pdf",".pdf","0.38","6/27/2026 9:38:22 AM","0511DE7C5FDB2510A6C7B4F6016E4CD92F6CD3D510E94F3961606CB0D801C7FA","INTERNAL_KNOWLEDGE"
"documents\Enactus 2025\Pôle Gestion\Proposition de Projet Enactus ESP by Cheikh Tidiane DIOP.pdf",".pdf","0.76","6/27/2026 9:38:22 AM","FA5F425A6CE3EF1C0558AB170E9ECA59EC5C5A6F1594B092EB883E545C5A1F36","INTERNAL_KNOWLEDGE"
"documents\Enactus 2025\Pôle Gestion\pv 07 Avril pôle gestion.pdf",".pdf","0.61","6/27/2026 9:38:22 AM","AC878821CD89CEA59E3207A10332F0C64E9FD1FFD56A2193D2E16197A82FE522","INTERNAL_KNOWLEDGE"
"documents\Enactus 2025\Pôle Gestion\PV 17 février 2025 pôle gestion.docx",".docx","0.08","6/27/2026 9:38:22 AM","31F856A8C81316C81244501EA59829C46313D8FF902DB661CE2A51A31BBF66D3","INTERNAL_KNOWLEDGE"
"documents\Enactus 2025\Pôle Gestion\PV pôle gestion 1.pdf",".pdf","0.28","6/27/2026 9:38:22 AM","087A71A6F4EC0F960F832FBB2D09985FC48833BEBB80B05775927AB45DB13406","INTERNAL_KNOWLEDGE"
"documents\Enactus 2025\Pôle Gestion\pv pôle gestion 2.pdf",".pdf","0.29","6/27/2026 9:38:22 AM","B40B0A6172FCAF356ACEF12AF52D7FBA88B62386EA624491533B13C28C751878","INTERNAL_KNOWLEDGE"
"documents\Enactus 2025\Pôle Gestion\pv pôle gestion 4.pdf",".pdf","0.28","6/27/2026 9:38:22 AM","0CB8FCC0876DDEBCA4300CB6EEF08D08F79B22105F0EDECD3BD7191A3A0F6A98","INTERNAL_KNOWLEDGE"
"documents\Enactus 2025\Pôle IT\DEV\GesIT\GESIT_CDC (1).pdf",".pdf","0.21","6/27/2026 9:38:19 AM","FF3559C0C6800EDE830202451966686A1F688D756213A596C519A4F985459593","INTERNAL_KNOWLEDGE"
"documents\Enactus 2025\Pôle IT\DEV\GesIT\Product-Backlog_4.pdf",".pdf","0.22","6/27/2026 9:38:19 AM","A379B6E361F628C9C772EFF7E39A7E169676102076D1F2CE3D45DE7BBAB7C32E","INTERNAL_KNOWLEDGE"
"documents\Enactus 2025\Pôle IT\PV\PVdu02decembre.pdf",".pdf","0.06","6/27/2026 9:36:54 AM","1D6F35633D652A2C18D306F997AD498F381A863738930292453AE782B5A35765","INTERNAL_KNOWLEDGE"
"documents\Enactus 2025\Pôle IT\PV\PVdu23decembre.pdf",".pdf","0.06","6/27/2026 9:36:54 AM","50042007385925F7410AB6F0BBBE6E9BA96E73D6223234084BDC83EC16D417FF","INTERNAL_KNOWLEDGE"
"documents\Enactus 2025\Pôle IT\Taches achevées\Janvier\done list IT janvier.pdf",".pdf","0.02","6/27/2026 9:38:19 AM","528243502F068F7F1FDCD7B6D373750C4A4A6F0631D7D6CD333E4D120F06008B","INTERNAL_KNOWLEDGE"
"documents\Enactus 2025\Pôle Orga\BugetisationVoyage26Mai.pdf",".pdf","0.13","6/27/2026 9:38:20 AM","84E8EB60A3DE554F648287565E46F55EB26756221F02AF174C8D8D10F62040EE","INTERNAL_KNOWLEDGE"
"documents\Enactus 2025\Pôle Orga\Lacostes.pdf",".pdf","0.11","6/27/2026 9:38:20 AM","3D7DEFD26728547FC067CCA416B3CC82B626F4C322A009FB7ECB473FB87EEE29","INTERNAL_KNOWLEDGE"
"documents\Enactus 2025\Pôle Orga\Nouveau Feuille de calcul Microsoft Excel Orga.xlsx",".xlsx","0.01","6/27/2026 9:38:20 AM","21142EDF092D4411473877E9C6B6BDDF8CB481DBAA1F04FF6444C90F4CC47133","INTERNAL_KNOWLEDGE"
"documents\Enactus 2025\Pôle Orga\PV de la reunion du 02.03.2025.pdf",".pdf","0.3","6/27/2026 9:38:20 AM","74812A164FC4FC78BF4166BBE3D563430E67879EE80FE6987D11509C01D26199","INTERNAL_KNOWLEDGE"
"documents\Enactus 2025\Pôle Orga\PV de la reunion du 06 Avril 2025.pdf",".pdf","0.25","6/27/2026 9:38:20 AM","612F8AD92B41A4C2F44E14587518BC2EBD6CB36532C0B0C4AC01307495723F69","INTERNAL_KNOWLEDGE"
"documents\Enactus 2025\Pôle Orga\PV de la reunion du 09.03.2025.pdf",".pdf","0.25","6/27/2026 9:38:20 AM","77377F89B4508C1713CF29C34FB4D1EBC6D0F6EF9ED0D540E939FE0CD4AFB50F","INTERNAL_KNOWLEDGE"
"documents\Enactus 2025\Pôle Orga\PV de la reunion du 23.02.2025.pdf",".pdf","0.3","6/27/2026 9:38:20 AM","986C13FD10A7857B933954BB6D84F35313AACC2CADCF59C57F40EA72C48CB6B0","INTERNAL_KNOWLEDGE"
"documents\Enactus 2025\Pôle Tech\Budgétisations\Budgetisation syst irrigation.pdf",".pdf","0.08","6/27/2026 9:38:19 AM","EBA0F232FA43CC38A45FDFF6BC395A943E97A0540AA1F60455E9E4CA343CDA22","INTERNAL_KNOWLEDGE"
"documents\Enactus 2025\Pôle Tech\Budgétisations\Budgetisation_GRANULEUSE.docx",".docx","0.04","6/27/2026 9:38:19 AM","A1ACE8126878D8B11A8472465F3F16AFBECB97ED95AFA65B618FBA3D10C25097","INTERNAL_KNOWLEDGE"
"documents\Enactus 2025\Pôle Tech\Budgétisations\Budgetisation_TABLES[1].docx",".docx","0.04","6/27/2026 9:38:19 AM",,"INTERNAL_KNOWLEDGE"
"documents\Enactus 2025\Pôle Tech\Projets en cours\Cahier des charges presse.pdf",".pdf","0.22","6/27/2026 9:36:57 AM","FA4836B91B6ECFA429A21F124C0289F43E9DF1054371ABD5FD4D474E3AA595DD","INTERNAL_KNOWLEDGE"
"documents\Enactus 2025\Pôle Tech\Projets en cours\Document_Granuleuse fnl.pdf",".pdf","0.56","6/27/2026 9:36:57 AM","5CD3B6F7967AD0FB9F8B081B3FA1597AC49028B01DEB24FABA9FC73443647620","INTERNAL_KNOWLEDGE"
"documents\Enactus 2025\Pôle Tech\Projets en cours\Etat d avancement syst. irrigation.pdf",".pdf","0.62","6/27/2026 9:36:57 AM","26551280E9FA44DAE124A3774A14F2A0EC391C11E5C5C18E0C2029242E775D39","INTERNAL_KNOWLEDGE"
"documents\Enactus 2025\Pôle Tech\Projets en cours\fiche table terrasen.pdf",".pdf","0.48","6/27/2026 9:36:57 AM","A2ADD1CA4E453F16BBE352F468114FADF777A6FB14E629D95B4CE7EB9A654E47","INTERNAL_KNOWLEDGE"
"documents\Enactus 2025\Pôle Tech\Projets en cours\granuleuse.pdf",".pdf","22.04","6/27/2026 9:38:19 AM","028984326F67030884D8746320270AFB2235B427D10C8EB936421B1E93445E9A","INTERNAL_KNOWLEDGE"
"documents\Enactus 2025\Pôle Tech\Projets en cours\POMPE.pdf",".pdf","0.33","6/27/2026 9:36:57 AM","573F96F416BA9E7113CB25AB138092B6E0906E38BF24900D51E455211E7EEC5A","INTERNAL_KNOWLEDGE"
"documents\Enactus 2025\Pôle Tech\PV de réunions\.pdf",".pdf","0.18","6/27/2026 9:36:57 AM","801C85CA12254AF70A951C15A69A4C28669E5134E1DF31BA7657CC1276086AD3","INTERNAL_KNOWLEDGE"
"documents\Enactus 2025\Pôle Tech\PV de réunions\PV 1 FEVRIER.pdf",".pdf","0.2","6/27/2026 9:38:19 AM","A09E66E253B6ED6DCB3871AAFEE0E12446B7124D725405E2E863D404F67EB9BB","INTERNAL_KNOWLEDGE"
"documents\Enactus 2025\Pôle Tech\PV de réunions\PV 14 Avril.pdf",".pdf","0.17","6/27/2026 9:36:57 AM","22E473809C0B443A491F3B09955AD5420FE998B7EA9BAC2587742B9BB522DCF2","INTERNAL_KNOWLEDGE"
"documents\Enactus 2025\Pôle Tech\PV de réunions\PV 19 Avril.pdf",".pdf","0.21","6/27/2026 9:36:57 AM","035E176DAEAA56D0870120E11EE1B56CF5D532D3E9D6658F283FE71E09626BEA","INTERNAL_KNOWLEDGE"
"documents\Enactus 2025\Pôle Tech\PV de réunions\PV 2 JAN.pdf",".pdf","0.19","6/27/2026 9:36:57 AM","EB1C9A33FF57295AF8C6FF4B574307A4B5C90FB413B0D1C062EE978F9B20B1AD","INTERNAL_KNOWLEDGE"
"documents\Enactus 2025\Pôle Tech\PV de réunions\PV 21 DEC.pdf",".pdf","0.17","6/27/2026 9:36:57 AM","65C1697707CAA49292E429C251FFEF61EC548F1AA78EBC88FCC5AEE5C613B494","INTERNAL_KNOWLEDGE"
"documents\Enactus 2025\Pôle Tech\PV de réunions\PV 24 FEV.pdf",".pdf","0.18","6/27/2026 9:38:19 AM","B64ACD25BAED8509925D1858FC8813B564064595FDECFBC1B2BF90133F66D809","INTERNAL_KNOWLEDGE"
"documents\Enactus 2025\Pôle Tech\PV de réunions\PV 24 MAI.pdf",".pdf","0.18","6/27/2026 9:36:57 AM","4083BE0691FDF3E2DEEBFADA09CC7193B240ED74A906DB7B692E47621E69EC78","INTERNAL_KNOWLEDGE"
"documents\Enactus 2025\Pôle Tech\PV de réunions\pv 29 mars.pdf",".pdf","0.35","6/27/2026 9:38:19 AM","0CD8DE54DEA36A995C86CE2A55188F0BAB568A741F397A5F4A3CD4676DA546D9","INTERNAL_KNOWLEDGE"
"documents\Enactus 2025\Pôle Tech\PV de réunions\PV 3 Mai.pdf",".pdf","0.28","6/27/2026 9:38:19 AM","E38E2350FC98F207E0153762F2C5CAA63C7C1063FAF08DE3A29C45E20E3B5DD9","INTERNAL_KNOWLEDGE"
"documents\Enactus 2025\Pôle Tech\PV de réunions\PV 8 MARS.pdf",".pdf","0.16","6/27/2026 9:36:57 AM","9BDB888E49182B1FA6DFFC595C65153F982E08B4CE589643D8FFBC788C731734","INTERNAL_KNOWLEDGE"
"documents\Enactus 2025\Pôle Tech\PV de réunions\PV-10 Avril.pdf",".pdf","0.32","6/27/2026 9:38:19 AM","D21E5CFD350BB0A2BD0AE16CCEB47B403F7D753A7AEC276FBD96A212D8AF567F","INTERNAL_KNOWLEDGE"
"documents\Enactus 2025\Pôle Tech\Rapports de voyage 2025\rapport voyage Mars 2025pole tech .pdf",".pdf","0.39","6/27/2026 9:36:57 AM","46DAFE92ADBCDB42297DA058D8753719B8A5C3393EF23454B91478CB16C752CB","INTERNAL_KNOWLEDGE"
"documents\Enactus 2025\Pôle Veille\Compétitions\AWA - BRASIL.pdf",".pdf","8.18","6/27/2026 9:38:22 AM","42E2D1F1E66CD5619E6E8FF2DB9E5C8D50A6A79B72C92F14162644D3AC3711A2","INTERNAL_KNOWLEDGE"
"documents\Enactus 2025\Pôle Veille\Dispatching du Pôle Veille.pdf",".pdf","0.09","6/27/2026 9:36:54 AM","84F29E6E6BA8CA16C1642DF8FD2BF2C93A7C8045985443508E3CAE10AC008A67","INTERNAL_KNOWLEDGE"
"documents\Enactus 2025\Pôle Veille\PLAN D_ACTION POLE VEILLE ENACTUS.pdf",".pdf","0.1","6/27/2026 9:36:54 AM","FB022A3EB34B17F15C3CBFF5A21CA06CCFA4EDED038A569C191BC3A9212568BB","INTERNAL_KNOWLEDGE"
"documents\Enactus 2025\Pôle Veille\PV du 04.04.2025 Pôle Veille.pdf",".pdf","0.34","6/27/2026 9:36:54 AM","3A601592D6B20636C5EFE52898F58E5177D04ADCCAE2DA3F1B6C00B1FDDFA8F3","INTERNAL_KNOWLEDGE"
"documents\Enactus 2025\PROJETS\Aquatus\Budgétisations AQUATUS\BudgetisationAquaTus.pdf",".pdf","0.31","6/27/2026 9:38:17 AM","ED7F177D2E5A823D0042CBA11BBF2A5577DFDD8201C66B305E688450712A5BD5","INTERNAL_KNOWLEDGE"
"documents\Enactus 2025\PROJETS\Aquatus\Budgétisations AQUATUS\Bugetisation_AquaTus.pdf",".pdf","0.15","6/27/2026 9:38:17 AM","EA9A7269B74D3568CFE04B9C4D7968DAD002C2EBFAA7BD3D35442B54D643D164","INTERNAL_KNOWLEDGE"
"documents\Enactus 2025\PROJETS\Aquatus\Budgétisations AQUATUS\BugetisationVisite.pdf",".pdf","0.13","6/27/2026 9:38:17 AM","13080DBECD793925AB5A74761169714507A3C1C8F78506AF4D7E08EFFDDF7B98","INTERNAL_KNOWLEDGE"
"documents\Enactus 2025\PROJETS\Aquatus\Budgétisations AQUATUS\elements et prix (2).rtf",".rtf","10.44","6/27/2026 9:38:17 AM","4115EFCB4B097985FE27345D70A709CD390DB6592755BD7573A25F19572D8581","INTERNAL_KNOWLEDGE"
"documents\Enactus 2025\PROJETS\Aquatus\Budgétisations AQUATUS\elements-et-prix (1).pdf",".pdf","0.49","6/27/2026 9:38:17 AM","F778138CDA16C3C9C458F432E49620CA6762AABF00C536E880A08A5AF6663728","INTERNAL_KNOWLEDGE"
"documents\Enactus 2025\PROJETS\Aquatus\Budgétisations AQUATUS\Prix du matériels.pdf",".pdf","0.03","6/27/2026 9:38:17 AM","3ED08C6E4E9A184E7B3C03DA16D95E1194A8C8AE906B420087E9513748E05345","INTERNAL_KNOWLEDGE"
"documents\Enactus 2025\PROJETS\Aquatus\Budgétisations AQUATUS\Prix matériels .xlsx",".xlsx","0.01","6/27/2026 9:38:17 AM","1DCCF4B6F6F32C1AAB24169CEB7594066217823B864016101C71344A4628D760","INTERNAL_KNOWLEDGE"
"documents\Enactus 2025\PROJETS\Aquatus\Documents de recherche aquatus\AQUATUS.pdf",".pdf","0.47","6/27/2026 9:36:57 AM","84441EEFF35B063D8876D8DF422687E1B6C516DCF0846E7818DD0E6AE6C130F9","INTERNAL_KNOWLEDGE"
"documents\Enactus 2025\PROJETS\Aquatus\Documents de recherche aquatus\ConditionsDeVie_ModeDevPLANTES (1).pdf",".pdf","0.35","6/27/2026 9:36:57 AM","850C6A1D83B12BE044B647111A5B48BC3D42FA116E6149620FF7684049B350DC","INTERNAL_KNOWLEDGE"
"documents\Enactus 2025\PROJETS\Aquatus\Documents de recherche aquatus\Differents types de plantes dans l_aquaponie (1).pdf",".pdf","0.35","6/27/2026 9:36:57 AM","6BDA4956AD7D9C2926B5072EC000F2521F9FE3FCA9FF5BD493341DB2C0D24C08","INTERNAL_KNOWLEDGE"
"documents\Enactus 2025\PROJETS\Aquatus\Documents technique Aquatus\DOCUMENT TECHNIQUE.pdf",".pdf","0.92","6/27/2026 9:38:17 AM","23AB82BC89EFDEA96B446039EB621998DB2EE6753DBFCD50E91387AC0F450DC6","INTERNAL_KNOWLEDGE"
"documents\Enactus 2025\PROJETS\Aquatus\Fiche de projet\AQUATUS[1].docx",".docx","4.23","6/27/2026 9:38:17 AM",,"INTERNAL_KNOWLEDGE"
"documents\Enactus 2025\PROJETS\Aquatus\Fiche de projet\Document de synthése AQUATUS[1] (1).pdf",".pdf","1.41","6/27/2026 9:38:18 AM",,"INTERNAL_KNOWLEDGE"
"documents\Enactus 2025\PROJETS\Aquatus\Fiche de projet\FICHE DE PROJET AQUATUS (2).pdf",".pdf","0.3","6/27/2026 9:38:17 AM","8774E5A2AE67B8DE4BDBE56C91791A782DAD134B0E791E907A025DC86B011F88","INTERNAL_KNOWLEDGE"
"documents\Enactus 2025\PROJETS\Aquatus\Logo Aquatus et Mockups\Aquatus (3).pdf",".pdf","12.05","6/27/2026 9:38:18 AM","8448DDC5A0163665FD94B96CC7726FBEF99612E982872B762C0184BEED8700DC","INTERNAL_KNOWLEDGE"
"documents\Enactus 2025\PROJETS\Aquatus\Partenariats et fundraising\FORMULAIRE APPEL A CANDIDATURES TOTAL ENERGY (4).docx",".docx","0.62","6/27/2026 9:38:17 AM","B476909EFBE5893EEB1A4A3496AC2AF4EBD021138E5DAA9CD803A3C7367A95A6","INTERNAL_KNOWLEDGE"
"documents\Enactus 2025\PROJETS\Aquatus\Partenariats et fundraising\Tableau de bord Partenariat.docx",".docx","0.01","6/27/2026 9:38:17 AM","46F5931F38E90F42B281DEEB76CC34A451900C32F27DE7FFBC646B533C8632A7","INTERNAL_KNOWLEDGE"
"documents\Enactus 2025\PROJETS\Aquatus\Recap OSTX\ostx_recap - week3 (1).pdf",".pdf","0.47","6/27/2026 9:38:17 AM","C789A5FDF33819FF70A900D2F54AED94DF2E3A1589BF7D1C595690E483FCFF33","INTERNAL_KNOWLEDGE"
"documents\Enactus 2025\PROJETS\Aquatus\Recap OSTX\ostx_recap - week3 (2).pdf",".pdf","0.47","6/27/2026 9:38:17 AM","C789A5FDF33819FF70A900D2F54AED94DF2E3A1589BF7D1C595690E483FCFF33","INTERNAL_KNOWLEDGE"
"documents\Enactus 2025\PROJETS\Aquatus\Recap OSTX\WEEK2_OSTX_Resume (2).pdf",".pdf","0.37","6/27/2026 9:38:17 AM","AFF0481CA55477664B0D6D04452AB3B52EAAACD0871A54408BF5DD0EA88FEB1D","INTERNAL_KNOWLEDGE"
"documents\Enactus 2025\PROJETS\Aquatus\Recap OSTX\WEEK2_OSTX_Resume (3).pdf",".pdf","0.37","6/27/2026 9:38:17 AM","AFF0481CA55477664B0D6D04452AB3B52EAAACD0871A54408BF5DD0EA88FEB1D","INTERNAL_KNOWLEDGE"
"documents\Enactus 2025\PROJETS\Mën nañ\Bugétisation Mën Nan.pdf",".pdf","0.2","6/27/2026 9:36:57 AM","5763AD522B5C646B000A8FCD8B6A4D7A1C1D2F3AD1AAA5415ADBC971647357D9","INTERNAL_KNOWLEDGE"
"documents\Enactus 2025\PROJETS\Mën nañ\Calendrier des activités du projet mën nan de Avril à Novembre.pdf",".pdf","0.11","6/27/2026 9:36:57 AM","5769716C0FE0CEE00DCB263F5B00C15F6A8EC0C8C7C2DA7E3C3EBEC90507B52B","INTERNAL_KNOWLEDGE"
"documents\Enactus 2025\PROJETS\Mën nañ\Moringa et Noix de Cajou.pdf",".pdf","1","6/27/2026 9:38:18 AM","EF219D14C45113D2B2F70477BCBC56AB58CF9F0391E6C2FA45E530A29E62A463","INTERNAL_KNOWLEDGE"
"documents\Enactus 2025\PROJETS\Mën nañ\Présentation Mën Nañ final  - Enactus ESP.pdf",".pdf","0.37","6/27/2026 9:36:57 AM","9BBED02F525F28835631D6773F5C78436E3CF1AC32C252DD1A70DDDA537B7DEA","INTERNAL_KNOWLEDGE"
"documents\Enactus 2025\PROJETS\Mën nañ\PV Mën Nan 11 Mars.pdf",".pdf","0.16","6/27/2026 9:36:57 AM","C21B07A02585474971D19D2C9149F2983944488944CEDF94C39DDA61EEC6EDDA","INTERNAL_KNOWLEDGE"
"documents\Enactus 2025\PROJETS\Mën nañ\Tâches de la semaine du 22 au 25 Mars 2025.jpg",".jpg","0.1","6/27/2026 9:36:57 AM","4D938E4818C8DB52F45C44224C2DC77A3E9A3D620717FD97B0DF9DCECB14CDE6","INTERNAL_KNOWLEDGE"
"documents\Enactus 2025\PROJETS\Shery\budgetisation Shery 2025.pdf",".pdf","0.44","6/27/2026 9:38:18 AM","8F93873E0FE555D79F40D20077A79482FFACF5DEE6A358609E23F0AE1F29D260","INTERNAL_KNOWLEDGE"
"documents\Enactus 2025\PROJETS\Shery\Bugetisation_SHERY WORD.docx",".docx","0.03","6/27/2026 9:38:18 AM","4ADAFAB4B02F4F996CBD85E20807A873271DF7E86FE598325D765C7CE6A5B598","INTERNAL_KNOWLEDGE"
"documents\Enactus 2025\PROJETS\Shery\carte de visite 2025.jpg",".jpg","0.08","6/27/2026 9:38:18 AM","2496D57A2B5B9A8A55F9B24EBCEFD3B0B0B482C5C9A3F8FF515AF58E9FA4C004","INTERNAL_KNOWLEDGE"
"documents\Enactus 2025\PROJETS\Shery\Enactouch TISANE.pdf",".pdf","0.37","6/27/2026 9:38:18 AM","6889AD1BF42EF4ADA924C461D858FBA33A30261BACC812062C1EE1F4CCE22DD7","INTERNAL_KNOWLEDGE"
"documents\Enactus 2025\PROJETS\Shery\Impact projet shery.docx",".docx","0.22","6/27/2026 9:38:18 AM","A227B22A6228956151AF3CDDF1F115D0E3D8C70A2DD5F7E2CF14E35D71675FC0","INTERNAL_KNOWLEDGE"
"documents\Enactus 2025\PROJETS\Shery\Observations principales de la visite.pdf",".pdf","0.01","6/27/2026 9:38:18 AM","5E03E60D550D009F7C649ED25E7B9EC574C1F75FC210DF4C8D532ED40FF9CDDC","INTERNAL_KNOWLEDGE"
"documents\Enactus 2025\PROJETS\Shery\Présentation du projet SHERY.pdf",".pdf","0.57","6/27/2026 9:38:18 AM","AE100D7154A46AE12DA13DC9B1E6099E57FAEAFC9E122A14CB76632FCDDC102D","INTERNAL_KNOWLEDGE"
"documents\Enactus 2025\PROJETS\Shery\Prévisions FInancières SHERY.xlsx",".xlsx","0","6/27/2026 9:38:18 AM","F9244FF2B879AB4AA51822AB31B0E7BCCD6029A3B4FE69E61ACC6F1E58A7188B","INTERNAL_KNOWLEDGE"
"documents\Enactus 2025\PROJETS\Shery\SHERY - Serviettes Hygiéniques Réutilisables.pdf",".pdf","0.11","6/27/2026 9:38:18 AM","3EF205DD4BA8D88413FC08C0C4DFFF0860F0A6368B5C1A68B2B524C8A2BD17FC","INTERNAL_KNOWLEDGE"
"documents\Enactus 2025\PROJETS\Shery\Shery carte de visite.pdf",".pdf","2.96","6/27/2026 9:38:19 AM","977871AE54B2D360A158DE0CEB3C926B706E60A763DD976386262ADF7D69F3C4","INTERNAL_KNOWLEDGE"
"documents\Enactus 2025\PROJETS\Shery\shery_s teams.pdf",".pdf","0.22","6/27/2026 9:38:18 AM","D9815C517C3E5BD2784C3373CFEC9C90666F8589DA34F34493493004C4D6422A","INTERNAL_KNOWLEDGE"
"documents\Enactus 2025\PROJETS\Shery\Teams 2025\TEAM REDACTION\PV de reunions\PV_19_FEVRIER_25.pdf",".pdf","0.43","6/27/2026 9:38:19 AM","F2D05965DB5841C3A387DACB15A894328AC5067B85AD9885C39DBC7E7A1ADD44","INTERNAL_KNOWLEDGE"
"documents\Enactus 2025\PROJETS\Shery\White Colorful Modern Diagram Graph.png",".png","0.4","6/27/2026 9:38:18 AM","7A0D7A454AAED7112C31F9626F6BD13041776DF7C61DD938CADCE7499C2200B2","INTERNAL_KNOWLEDGE"
"documents\Enactus 2025\PROJETS\Terrasen\Bilans mensuels\MENSUEL.pdf",".pdf","1.39","6/27/2026 9:38:18 AM","0CCF5EA58BF41F5D01F5E9A5AE558B7686570B06939BBCBD988E79216B7E98D2","INTERNAL_KNOWLEDGE"
"documents\Enactus 2025\PROJETS\Terrasen\Budgets\Budgetisation syst irrigation.pdf",".pdf","0.08","6/27/2026 9:38:18 AM","EBA0F232FA43CC38A45FDFF6BC395A943E97A0540AA1F60455E9E4CA343CDA22","INTERNAL_KNOWLEDGE"
"documents\Enactus 2025\PROJETS\Terrasen\Budgets\Budgetisation systeme irrigation.pdf",".pdf","0.08","6/27/2026 9:38:18 AM","580ED4C5F5731F33355678BA6B15DC8F54F1E26AB63E2FAAB4B3FC159054391D","INTERNAL_KNOWLEDGE"
"documents\Enactus 2025\PROJETS\Terrasen\Budgets\Budgétisation Terrasen agro et IT (1).xlsx",".xlsx","0.02","6/27/2026 9:38:18 AM","0F3F7034679F171D7E969001E9A9688F839E6BC624FF484016720A7C42AF8995","INTERNAL_KNOWLEDGE"
"documents\Enactus 2025\PROJETS\Terrasen\Document de Projet\Terrasen (2).pdf",".pdf","5.93","6/27/2026 9:38:18 AM","2C33F40A80A168246E0C836ECCF2AE7A5BD2A0799D9879D7F4C2CBBAF93B6020","INTERNAL_KNOWLEDGE"
"documents\Enactus 2025\PROJETS\Terrasen\Document de Projet\TERRASEN presentation.pdf",".pdf","0.79","6/27/2026 9:38:18 AM","6E6E302BA0FB4BFFD89EE03D8B4B316F92552CA2BDAD6A553D1EF52B81A6FD90","INTERNAL_KNOWLEDGE"
"documents\Enactus 2025\PROJETS\Terrasen\Pôles\Agriculture\Document de projet TERRASEN (Agro) (1).pdf",".pdf","1.54","6/27/2026 9:38:18 AM","5677EA1441C3D66585E0A365BF3EE5853174D01717D00EC3834345438C8EFD46","INTERNAL_KNOWLEDGE"
"documents\Enactus 2025\PROJETS\Terrasen\Pôles\Agriculture\Document des transformations TERRASEN.pdf",".pdf","0.36","6/27/2026 9:38:18 AM","82EA6896C8909297E2BEB89497D0BF0B1389CF845AD3C770D6643B740AC5CDFA","INTERNAL_KNOWLEDGE"
"documents\Enactus 2025\PROJETS\Terrasen\Pôles\Agriculture\Proposition de Kit de microjardinage (1).pdf",".pdf","0.47","6/27/2026 9:38:18 AM","962A06642476EF638A1879E930F9A4209C742538CAB217C6FB1635ED04ECDDB0","INTERNAL_KNOWLEDGE"
"documents\Enactus 2025\PROJETS\Terrasen\Pôles\Agriculture\rentabilité des kits de Microjardinage Terrasen (1).pdf",".pdf","0.24","6/27/2026 9:38:18 AM","56C932015A4311FE83AB94CC6B320ADBF04A72EF29788DAB6FCDCD8262327D8D","INTERNAL_KNOWLEDGE"
"documents\Enactus 2025\PROJETS\Terrasen\Pôles\Elevage\La production d_aliments de volaille 3 tâches.pdf",".pdf","0.16","6/27/2026 9:38:18 AM","60ECDA805676F6D92BBBC4FFC5B696D6CA16EFC6BF0DCA6EC6AA15C65107A512","INTERNAL_KNOWLEDGE"
"documents\Enactus 2025\PROJETS\Terrasen\Pôles\Elevage\présentation GIE BENO[1].odp",".odp","1.12","6/27/2026 9:38:18 AM",,"INTERNAL_KNOWLEDGE"
"documents\Enactus 2025\PROJETS\Terrasen\PV de réunion\Bugetisation terrasen voyage 1.pdf",".pdf","0.13","6/27/2026 9:38:18 AM","8C6D45C299199BE088CAFCDE471325D73A289F92D0B57067BED786F9D60FB23D","INTERNAL_KNOWLEDGE"
"documents\Enactus 2025\PROJETS\Terrasen\PV de réunion\PV 01-04-25.pdf",".pdf","0.22","6/27/2026 9:38:18 AM","5824BD1846D561DF5558FC195FCB3C9D40592E9D578CEA1457665F3A1B1901AF","INTERNAL_KNOWLEDGE"
"documents\Enactus 2025\PROJETS\Terrasen\PV de réunion\PV 02-12-2024 (1).pdf",".pdf","0.27","6/27/2026 9:38:18 AM","22320681069231D706A6D62D39834307DA2C1D77BD00DB9B9E1EF9E5F195E131","INTERNAL_KNOWLEDGE"
"documents\Enactus 2025\PROJETS\Terrasen\PV de réunion\PV 03-02-2025 (1).pdf",".pdf","0.26","6/27/2026 9:38:18 AM","6C07D23DAF31B86444DA561C3FE3330406847E1E6EA6F6D3B74B32034B5F5DF3","INTERNAL_KNOWLEDGE"
"documents\Enactus 2025\PROJETS\Terrasen\PV de réunion\PV 05-03-2025.pdf",".pdf","0.11","6/27/2026 9:38:18 AM","E5A6DCFCA5D5F62A487F392414DFFB793FAF58067DFC28AECCF6BE8ED55F3CE4","INTERNAL_KNOWLEDGE"
"documents\Enactus 2025\PROJETS\Terrasen\PV de réunion\PV 05-04-2025.pdf",".pdf","0.1","6/27/2026 9:38:18 AM","0F55AFAFB579735084C721BD6FDAD4DD47395BF7C91BE62CE52AD248FBCBC157","INTERNAL_KNOWLEDGE"
"documents\Enactus 2025\PROJETS\Terrasen\PV de réunion\PV 06-01-2025.pdf",".pdf","0.16","6/27/2026 9:38:18 AM","9AA6993C31AD9ABB7655B48BE5FE4FCE3F15CC890DDF312358B646F4FD572B77","INTERNAL_KNOWLEDGE"
"documents\Enactus 2025\PROJETS\Terrasen\PV de réunion\PV 09-12-2024.pdf",".pdf","0.27","6/27/2026 9:38:18 AM","C02A7E79E3DB5B2E936E2BDA01CCE653FCB288E0FF59872193E4AF79FED2CBC9","INTERNAL_KNOWLEDGE"
"documents\Enactus 2025\PROJETS\Terrasen\PV de réunion\PV 13-01-2025(1).pdf",".pdf","0.19","6/27/2026 9:38:18 AM","540714D9BF0BCF76E3EF79E9813AAD3642E0D7385E9E9CE6E4129E883A34FB7B","INTERNAL_KNOWLEDGE"
"documents\Enactus 2025\PROJETS\Terrasen\PV de réunion\PV 13-01-2025.pdf",".pdf","0.19","6/27/2026 9:38:18 AM","540714D9BF0BCF76E3EF79E9813AAD3642E0D7385E9E9CE6E4129E883A34FB7B","INTERNAL_KNOWLEDGE"
"documents\Enactus 2025\PROJETS\Terrasen\PV de réunion\PV 17-12-2024.pdf",".pdf","0.17","6/27/2026 9:38:18 AM","3F32FE9F7E73739E66F10962230F4DAE5F9678FBC81521383EB5626D65DE30AC","INTERNAL_KNOWLEDGE"
"documents\Enactus 2025\PROJETS\Terrasen\PV de réunion\PV 20-01-2025.pdf",".pdf","0.17","6/27/2026 9:38:18 AM","D5033F8E67B48AC6F346AADCC4EABD513F1B03FC4F549CF2F6D551475088C497","INTERNAL_KNOWLEDGE"
"documents\Enactus 2025\PROJETS\Terrasen\PV de réunion\PV 25-11-2024.pdf",".pdf","0.28","6/27/2026 9:38:18 AM","A88AA0A36ED1D40D1E0C4044BAF66B870977950293CFDDF9C8BD98040B22FD8E","INTERNAL_KNOWLEDGE"
"documents\Enactus 2025\PROJETS\Terrasen\PV de réunion\PV 27-01-2025 (1).pdf",".pdf","0.19","6/27/2026 9:38:18 AM","6C5724B2C3FBCAC1692D2657F5DD0E14095016714630370D67095A7FC8A521AB","INTERNAL_KNOWLEDGE"
"documents\Enactus 2025\PVs de Réunions\PV 03.04.2025.pdf",".pdf","0.44","6/27/2026 9:38:19 AM","D90D23F91934135ABA93FDEB560C1A606B46D2D7861DE5E684CD0FB8E240010E","INTERNAL_KNOWLEDGE"
"documents\Enactus 2025\PVs de Réunions\PV 04.02.2025.pdf",".pdf","0.29","6/27/2026 9:38:20 AM","0881074E1E1682830A8C22E1CDA804A771A296DE7E65DAA28531C7EEA1031CB8","INTERNAL_KNOWLEDGE"
"documents\Enactus 2025\PVs de Réunions\PV 04.03.2025.pdf",".pdf","0.26","6/27/2026 9:38:19 AM","D71FF80CA19BD4298517A56D2481354C8F4D09146CB6E1E9EBF5FB635C7B7F81","INTERNAL_KNOWLEDGE"
"documents\Enactus 2025\PVs de Réunions\PV 06.02.2025.pdf",".pdf","0.29","6/27/2026 9:38:20 AM","196C8EE12E011E2A2E26B7FDB46CB7176D71E5EEE991B6CB8AF902AE210FAA52","INTERNAL_KNOWLEDGE"
"documents\Enactus 2025\PVs de Réunions\PV 06.03.2025.pdf",".pdf","0.19","6/27/2026 9:38:19 AM","652BEB3920C44D805269773D85E3B9A13BAFB29F4C2E293CB851B546DB63C075","INTERNAL_KNOWLEDGE"
"documents\Enactus 2025\PVs de Réunions\PV 07.01.2025.pdf",".pdf","0.3","6/27/2026 9:38:20 AM","B25BFA2B0017B32C416B840C3021A53D02DCC3602CF4986B6128589DE8F59E4B","INTERNAL_KNOWLEDGE"
"documents\Enactus 2025\PVs de Réunions\PV 09.01.2025.pdf",".pdf","0.28","6/27/2026 9:38:20 AM","D2455903ADC052454B8D78053BE71BCF50B0DE5FAF818AD5972A6BD4BDBA2ABB","INTERNAL_KNOWLEDGE"
"documents\Enactus 2025\PVs de Réunions\PV 10.12.2024.docx",".docx","0.23","6/27/2026 9:38:20 AM","6FBB5E634DCB1FCB207A6898198912B22CE62266531A295D5408699725745D1A","INTERNAL_KNOWLEDGE"
"documents\Enactus 2025\PVs de Réunions\PV 10.12.2024.pdf",".pdf","0.29","6/27/2026 9:38:20 AM","510E79CADF601E21C25ABE824F8765FD1CF0FB7BAECB5D1F8655C147AD14EC2A","INTERNAL_KNOWLEDGE"
"documents\Enactus 2025\PVs de Réunions\PV 11.02.2025.pdf",".pdf","0.3","6/27/2026 9:38:20 AM","BEC9E617B9C8147F9A1F8EE1302C4B0C33199DD29CF78AD2AD2B732F46DCF014","INTERNAL_KNOWLEDGE"
"documents\Enactus 2025\PVs de Réunions\PV 12.12.2024.pdf",".pdf","0.27","6/27/2026 9:38:20 AM","673D022A4A813F32D9B1B961121EDE9DE5EB8FCC126FC21950DBA10FE48F2A5A","INTERNAL_KNOWLEDGE"
"documents\Enactus 2025\PVs de Réunions\PV 13.02.2025.pdf",".pdf","0.28","6/27/2026 9:38:20 AM","5F897776A3B490E348E2B1309AD93ED22954E0B28EC8507F17A29E68D0A9E4E0","INTERNAL_KNOWLEDGE"
"documents\Enactus 2025\PVs de Réunions\PV 13.03.2025.pdf",".pdf","0.31","6/27/2026 9:38:19 AM","E2BEF088D2CDEDF1118B6C02405683BF5451B27AECAB2E4F6CEB75E4F88B090E","INTERNAL_KNOWLEDGE"
"documents\Enactus 2025\PVs de Réunions\PV 14 Novembre 2024.pdf",".pdf","0.14","6/27/2026 9:38:20 AM","B7A7D51497B6C6BAF8A34A076A5C185ED95C1AE730C4FDA33EDCAEE27FC66120","INTERNAL_KNOWLEDGE"
"documents\Enactus 2025\PVs de Réunions\PV 14.01.2025.pdf",".pdf","0.28","6/27/2026 9:38:20 AM","CCCEEA7819C3882AD206381DD7CE977F4C0CDDFCB861D4FBCECFDD995A49D1F0","INTERNAL_KNOWLEDGE"
"documents\Enactus 2025\PVs de Réunions\PV 15.04.2025.pdf",".pdf","0.3","6/27/2026 9:38:20 AM","7C24E7B78E97FCDDD77793B528D5F3D93578C6459AA8FBB229FBB8983B45E0AF","INTERNAL_KNOWLEDGE"
"documents\Enactus 2025\PVs de Réunions\PV 16.01.2025.pdf",".pdf","0.29","6/27/2026 9:38:20 AM","E44D610C6F4019830644FB1704246C187E0A1AB996C4A06CD571556254FF3E06","INTERNAL_KNOWLEDGE"
"documents\Enactus 2025\PVs de Réunions\PV 17.04.2025.pdf",".pdf","0.31","6/27/2026 9:38:20 AM","D3AB98ACA9B66DF8569E52F29DB9D20F5E02895DA7591B98F8B0CD12A3B69A70","INTERNAL_KNOWLEDGE"
"documents\Enactus 2025\PVs de Réunions\PV 18.02.2025.pdf",".pdf","0.53","6/27/2026 9:38:20 AM","DBFDE61C490C7B44462042360B0569E9EDC2490ED25BE283073EDE2F933891C3","INTERNAL_KNOWLEDGE"
"documents\Enactus 2025\PVs de Réunions\PV 19.11.2024.pdf",".pdf","0.29","6/27/2026 9:38:20 AM","E95F1860F5C7A89A078BD4AE0F0872BC34A18497349778C3E1127DD052D2CB43","INTERNAL_KNOWLEDGE"
"documents\Enactus 2025\PVs de Réunions\PV 19.12.2024.pdf",".pdf","0.28","6/27/2026 9:38:19 AM","6A0A2EEE605C6C4AD6A1A569B41F80F9C2AC9FA766D687ED31D373309020EF68","INTERNAL_KNOWLEDGE"
"documents\Enactus 2025\PVs de Réunions\PV 21.01.2025.pdf",".pdf","0.28","6/27/2026 9:38:20 AM","1BF9947F807994F2D586FB7DF2BB7B07F9A27CD1B66DE12245EDE39B71492382","INTERNAL_KNOWLEDGE"
"documents\Enactus 2025\PVs de Réunions\PV 21.11.2024.pdf",".pdf","0.28","6/27/2026 9:38:20 AM","B19B8F6308F39395E1E37ABF8652ECFC8C48F81445C88B0E7901748FC9AB09F7","INTERNAL_KNOWLEDGE"
"documents\Enactus 2025\PVs de Réunions\PV 23.01.2025.pdf",".pdf","0.29","6/27/2026 9:38:20 AM","546AFC071BF7E95AB15E61C722F4956EDD2C5ECA556572D239C15FF6929F90A3","INTERNAL_KNOWLEDGE"
"documents\Enactus 2025\PVs de Réunions\PV 23.11.2024.pdf",".pdf","0.27","6/27/2026 9:38:20 AM","A18237135E40D8731FE223DDB719122B82DA145B380D9B759ACCE3EECC1D2B93","INTERNAL_KNOWLEDGE"
"documents\Enactus 2025\PVs de Réunions\PV 24.12.2024.pdf",".pdf","0.44","6/27/2026 9:38:20 AM","6C44B7E905841201F54A5638626D07AEB7D0C48E497D40AC62873A1844237849","INTERNAL_KNOWLEDGE"
"documents\Enactus 2025\PVs de Réunions\PV 25.03.2025.pdf",".pdf","0.29","6/27/2026 9:38:20 AM","F1EF98B13224902A1F3048AD985A2488A20B7CB6C125E5A099816715D39A92CD","INTERNAL_KNOWLEDGE"
"documents\Enactus 2025\PVs de Réunions\PV 28.01.2025.pdf",".pdf","0.29","6/27/2026 9:38:20 AM","0A955FB5158C7400EB817383C1F2585EA59209DC3D9C6F2B25DA89E666F2D23E","INTERNAL_KNOWLEDGE"
"documents\Enactus 2025\PVs de Réunions\PV 29.03.2025.pdf",".pdf","0.39","6/27/2026 9:38:20 AM","0C9D8D14A194CA63F41F298260B95476B532591B148B967647BF0B1092D39A9C","INTERNAL_KNOWLEDGE"
"documents\Enactus 2025\PVs de Réunions\PV 29.04.2025.pdf",".pdf","0.29","6/27/2026 9:38:19 AM","6E364E38924DC381EF4C6B982FEC5BA6CF3D522A7B968B0726547E740B346AD3","INTERNAL_KNOWLEDGE"
"documents\Enactus 2025\PVs de Réunions\PV 30.11.2024.pdf",".pdf","0.45","6/27/2026 9:38:20 AM","B0090EFB6F66E0E693B49F55603953891D24E0385EBC1EA08B682226DBCFB3D8","INTERNAL_KNOWLEDGE"
"documents\Enactus 2025\Voyages\Voyage 14 au 18 Mars 2025\Bugetisation VOYAGE 14mars .pdf",".pdf","0.42","6/27/2026 9:38:19 AM","5FF9A6F86C011932DCB37BBC0BB07042BE13043D77565C82C840BAFCDEB6A98C","INTERNAL_KNOWLEDGE"
"documents\Enactus 2025\Voyages\Voyage 14 au 18 Mars 2025\Demande Bus.pdf",".pdf","0.34","6/27/2026 9:38:19 AM","1C324F0698C5EC38D1E45C5C899966CDFCD148B0B5A4C3592E792FF7591523FD","INTERNAL_KNOWLEDGE"
"documents\Enactus 2025\WORD CUP🏆 THAILANDE 2025\3. Email to Teams_ Impact & Financial Review Guide - TEAMS.pdf",".pdf","8.3","6/27/2026 9:38:21 AM","AD6DCE93844F3D44B5DE1ECF80AF7F52CA9729DC2EDF1F0023F540BF2A844E83","INTERNAL_KNOWLEDGE"
"documents\Enactus 2025\WORD CUP🏆 THAILANDE 2025\6. Project Beneficiary Questionnaire.pdf",".pdf","0.13","6/27/2026 9:38:21 AM","1BBC0F158A8BE52B1DE60D4F228A558DC60A6AAEA9D21FD14B90F0FE512C2E2D","INTERNAL_KNOWLEDGE"
"documents\Enactus 2025\WORD CUP🏆 THAILANDE 2025\Document World Cup Terrasen.docx",".docx","0.03","6/27/2026 9:38:21 AM","BAA544DE47C91EED01761C14EB53116369AA647E5463A7CFB96D779F10C4BE5F","INTERNAL_KNOWLEDGE"
"documents\Enactus 2025\WORD CUP🏆 THAILANDE 2025\Enactus ESP.docx",".docx","0.02","6/27/2026 9:38:21 AM","037C0683808DDE4C819225169E83A5BE7CACD70DE41813EB1827DCE40C80C204","INTERNAL_KNOWLEDGE"
"documents\Enactus 2025\WORD CUP🏆 THAILANDE 2025\modèle de lettre demande de partenariat .docx",".docx","0.03","6/27/2026 9:38:21 AM","1FDDFA0DD93F4CFF146AF9AC1856E4289A9740901474FE9430E7F97D55ACA5D7","INTERNAL_KNOWLEDGE"
"documents\Enactus 2025\WORD CUP🏆 THAILANDE 2025\New version ENGLISH FINAL PITCH.pdf",".pdf","0.11","6/27/2026 9:38:21 AM","098688CD3C486EB61454873FB3A495C558D9A31A6428BD09AF45E63E82D47F73","INTERNAL_KNOWLEDGE"
"documents\ENACTUS ESP\Histoire de Enactus ESP.pdf",".pdf","1.54","6/17/2026 6:53:40 PM","1C07B258A6FB52E116C3F62A2E6D43899F170D7CDB6DD5C1B3D2B43F5A478855","INTERNAL_KNOWLEDGE"
"documents\ENACTUS ESP\Presentation Enactus ESP.pdf",".pdf","0.89","6/15/2026 1:01:34 AM","97C3808F75A64DDCA3A73D49C8AF800FA91A0C448B6E513F1F9E7FD1DE87C132","INTERNAL_KNOWLEDGE"
"documents\ENACTUS ESP\TextesENACTUS-ESP.pdf",".pdf","0.16","6/16/2026 3:18:45 PM","82ECA1BD327E7B7BA3372EC64689AA084A347BA5278D894EBDB6379673FE65A4","INTERNAL_KNOWLEDGE"
"documents\formations\entreprenariat social\support_formation_entrepreneuriat_social.pdf",".pdf","6.34","6/29/2026 2:00:29 AM","62C65702D52B135636D48094182AB76514C2311B4DCCFEC20DFE3512B5C79C5C","INTERNAL_KNOWLEDGE"
"documents\Pole Tech 2026\Manuel_micro-jardins.pdf",".pdf","1.5","8/21/2026 10:24:22 AM","461FDAC05EC8060BA137FEF5A579D0C3C33813FAA94FF456D2642FC61EBA79B7","INTERNAL_KNOWLEDGE"
"documents\Pole Tech 2026\Plan_de_voyage_Repartition_travail_TERRASEN_2026.pdf",".pdf","0.25","8/21/2026 9:15:49 AM","1946A93D67091E38BAEB714EFF524A73B8BCD0904F3C9EC2B6B4E0401FDD412E","INTERNAL_KNOWLEDGE"
"documents\Pole Tech 2026\rapport_voyage_pole_technique_terrasen_2026.pdf",".pdf","2.72","8/21/2026 12:41:42 PM","7FA2ADD4DEAEA88704FBFFF30396FCDE6A46826B0294CBBA35AE974C98D522AD","INTERNAL_KNOWLEDGE"
"documents\Projet CAJOR\Budgétisation CAJOR.xlsx",".xlsx","0.02","6/21/2026 6:51:36 PM","ECE2C8B36DC0331AA6081C063EF7D0CD845068592845F8A1AB5BA3E9C5754629","INTERNAL_KNOWLEDGE"
"documents\Projet CAJOR\Cahier des charges presse.pdf",".pdf","0.22","6/21/2026 6:51:38 PM","FA4836B91B6ECFA429A21F124C0289F43E9DF1054371ABD5FD4D474E3AA595DD","INTERNAL_KNOWLEDGE"
"documents\Projet CAJOR\CAJOR.docx",".docx","0.93","6/21/2026 6:52:04 PM","732954878E8AAF687C628C726DC58C641E318F97B13FEB6DD64D1C5E67E1E963","INTERNAL_KNOWLEDGE"
"documents\Projet CAJOR\IMG-20241231-WA0007.jpg",".jpg","0.33","6/21/2026 6:52:11 PM","B5B8484C3135ED987EC1D1F0FFA2CB648D63E57FFDDAE183B08666505EED9A2E","INTERNAL_KNOWLEDGE"
"documents\Projet CAJOR\PÔLE CHIMIE.docx",".docx","0.36","6/21/2026 6:52:16 PM","B58C014FD1A673EB76228618CDF464D4952DEB68B3249A038A6DBA191E6CD52C","INTERNAL_KNOWLEDGE"
"documents\Projet CAJOR\POSTER CAJOR.pptx",".pptx","0.29","6/21/2026 6:52:26 PM","70C7FCC42DB399959A5327CC9E976CB5E5D96EAA403F1094F8F71D33D4B3F22A","INTERNAL_KNOWLEDGE"
"documents\Projet CAJOR\POSTER DU PROJET CAJOR.pdf",".pdf","0.22","6/21/2026 6:52:35 PM","8242FEEA2E973A33C99BA2CCCB1E1610821EBE71C95A6B5607B6E69D75EF4422","INTERNAL_KNOWLEDGE"
"documents\Projet CAJOR\POSTER DU PROJET PPT.pptx",".pptx","2.65","6/21/2026 6:53:01 PM","EEBB5D184CE0DAE06B764CFA52D98ADBF0B4EA57BAE42416F1E87035B135268E","INTERNAL_KNOWLEDGE"
"documents\Projet Dimbali\dimbali.odt",".odt","0.06","6/17/2026 9:02:28 PM","06D36DA617A54E288376263376ACC480DA50F877310C13B0568938180C32CF51","INTERNAL_KNOWLEDGE"
"documents\Projet Dimbali\dimbali.pdf",".pdf","0.21","6/17/2026 9:02:53 PM","C98627E6109C9AE7F53F11BD940C1EAB66CDED1BF7BD9663F97753CE0FA22D59","INTERNAL_KNOWLEDGE"
"documents\Projet TERRASEN\document projet terrasen.pdf",".pdf","0.69","6/16/2026 3:15:55 PM","C75F4F99658EE64206292D3E8F5626FFCCA5931C86A7F3CDADBB2CA51450EDB0","INTERNAL_KNOWLEDGE"
"documents\Projet TERRASEN\Plan_de_voyage_Repartition_travail_TERRASEN_2026.pdf",".pdf","0.25","8/10/2026 8:23:34 PM","1946A93D67091E38BAEB714EFF524A73B8BCD0904F3C9EC2B6B4E0401FDD412E","INTERNAL_KNOWLEDGE"
"documents\Projet TERRASEN\Presentation_Projet_TERRASEN.docx",".docx","0.54","6/21/2026 6:42:05 PM","E6CEABB8371FC5C514AEE9ADEEFD53DD3E4BA69F5222A9480F3CDE444BA3BB68","INTERNAL_KNOWLEDGE"
"documents\Projet TERRASEN\Restitution_Immersion_TERRASEN.pdf",".pdf","0.09","7/1/2026 1:48:18 PM","3F2769357472E5D2B1FF1A03C72AB87044580FA4C8E5AA4CA3E1BEECFE964472","INTERNAL_KNOWLEDGE"
"enactspace_cahier_cadrage.pdf",".pdf","0.11","6/9/2026 12:18:23 PM","49B648B64833145D0D1053B62D07314A0F0ABF9C78F7A7D340F2A973F77653C4","INTERNAL_KNOWLEDGE"
"img\logo_deconaane.png",".png","0.82","6/15/2026 12:42:36 PM","ED11D9D2D3B611CDC3693D6B591CB1DBF53505EAA39D263992F3E25F85C8380A","INTERNAL_KNOWLEDGE"
"img\logo_dimbali.png",".png","0.77","6/15/2026 12:42:36 PM","D303268B561C5B474662C67ADF7E5507D9A7F137DE83AC32F8591CE7B58FFD6E","INTERNAL_KNOWLEDGE"
"img\logo_enactus_esp.png",".png","0.79","6/15/2026 12:42:36 PM","903EB1C46F9EBB4FEE5D2AFE669AEC02590911B0ACBB8E954F5FB608AE9D36DC","INTERNAL_KNOWLEDGE"
"img\logo_javelisel.png",".png","1.01","6/15/2026 12:42:36 PM","8B64D34EC56143A7562868C3031D7B91BC223BE6BEEEE1A4E1C3B5E76F3D086D","INTERNAL_KNOWLEDGE"
"img\logo_kongserve.png",".png","1.3","6/15/2026 12:42:36 PM","D6C005DCA4018BA8B588CDE9520E48BAB7706EC56E3EFA712EBAF891E19632D3","INTERNAL_KNOWLEDGE"
"img\logo_men_nan.png",".png","1.13","6/15/2026 12:42:36 PM","CD0B911F60B2F90F0A05DEF2AAF307C44331C30097E58560B7EF6D504D635BAB","INTERNAL_KNOWLEDGE"
"img\logo_mobigel.png",".png","1.42","6/15/2026 12:42:36 PM","3D8A592DBDB749A622ACDF72F7801F7A2AA890893578758DD27DE7361BD1EE67","INTERNAL_KNOWLEDGE"
"img\logo_soukhalii_gokh.png",".png","0.94","6/15/2026 12:42:36 PM","C61A4CE319033DF539A956C8DE929A4567F173EF4991EDFD8BAEBF6348E41E59","INTERNAL_KNOWLEDGE"
"img\logos_enactus_visibles\01_masters_HD\deconaane.png",".png","0.78","6/15/2026 4:12:13 PM","02D936973B1A8B260DA751FCEFA8C0B821322C5695B4E5FB7C16296C894ABB8F","INTERNAL_KNOWLEDGE"
"img\logos_enactus_visibles\01_masters_HD\dimbali.png",".png","0.84","6/15/2026 4:12:13 PM","A76C5A696DFA164B6EB54D245CDCFCE490F39A0477E817B633C30D8D3C4EDF7D","INTERNAL_KNOWLEDGE"
"img\logos_enactus_visibles\01_masters_HD\enactus_esp.png",".png","0.89","6/15/2026 4:12:13 PM","F6477B5F15A92E05D8B555EDFE452859129D408BD441360B4E9E9EBAE0745B0D","INTERNAL_KNOWLEDGE"
"img\logos_enactus_visibles\01_masters_HD\javelisel.png",".png","1.17","6/15/2026 4:12:13 PM","1C18721AC366AF6FCE7881ECBED3DFABAAE81AEE20E7A130A62E48DB5C733277","INTERNAL_KNOWLEDGE"
"img\logos_enactus_visibles\01_masters_HD\kongserve.png",".png","1.57","6/15/2026 4:12:13 PM","3010C7BA72B3007E397E6D55E2E65EDD2481935AFE232FEB7B7C80CC6CEF7B52","INTERNAL_KNOWLEDGE"
"img\logos_enactus_visibles\01_masters_HD\men_nan.png",".png","0.87","6/15/2026 4:12:13 PM","84E820C6F35847F80AF90A397C4D507B3FB030B51CDD35162965533202F01150","INTERNAL_KNOWLEDGE"
"img\logos_enactus_visibles\01_masters_HD\mobigel.png",".png","1.27","6/15/2026 4:12:13 PM","F24719DCFC15157133E7DDBC6AB749AB703A0CAF9CC66B45A008998F5A212E99","INTERNAL_KNOWLEDGE"
"img\logos_enactus_visibles\01_masters_HD\prix_enactus_national_2016.png",".png","1.73","6/15/2026 4:12:13 PM","453A6C92EFEE04D05E166891AB1E420CF2D50D5BAB3BC89D4BAA0AC48F7316BE","INTERNAL_KNOWLEDGE"
"img\logos_enactus_visibles\01_masters_HD\prix_uhodari_2016.png",".png","1.45","6/15/2026 4:12:13 PM","48EE7CE1AE6FAF63A8194BC29B4BA1C63F8714C0A3BE98BE838BA6931EDBF30E","INTERNAL_KNOWLEDGE"
"img\logos_enactus_visibles\01_masters_HD\soukhalii_gokh.png",".png","1.02","6/15/2026 4:12:14 PM","70957960360A06C661710C04A8C6EACC573EB2D9B5BA9AE31BA0876EF419D8FE","INTERNAL_KNOWLEDGE"
"img\logos_enactus_visibles\02_web_512px\deconaane.png",".png","0.08","6/15/2026 4:12:14 PM","C94461FEE459D58959F1C4DDCBFFE473960B1DD5EF0CD340962819C09A446D53","INTERNAL_KNOWLEDGE"
"img\logos_enactus_visibles\02_web_512px\dimbali.png",".png","0.1","6/15/2026 4:12:14 PM","DC46FEAF6035DBD64B06C03AFC8F10E7F8528D32B4C988BD9CD9F0E5A70965D8","INTERNAL_KNOWLEDGE"
"img\logos_enactus_visibles\02_web_512px\enactus_esp.png",".png","0.18","6/15/2026 4:12:14 PM","7E2E2D39AD79C1D1388250F51FB1B022D18878397E92C6EDFAD2AE04D7A6E827","INTERNAL_KNOWLEDGE"
"img\logos_enactus_visibles\02_web_512px\javelisel.png",".png","0.13","6/15/2026 4:12:14 PM","78CCE8D3AEC38866BC7D2D19C5701DAA518C115574C579B4C07D2C6021E15B2C","INTERNAL_KNOWLEDGE"
"img\logos_enactus_visibles\02_web_512px\kongserve.png",".png","0.3","6/15/2026 4:12:14 PM","00F391903E104E8EB04F2F452CEBAFDE5F3AECA24E0C1AF4CD00C16AC0E04EDD","INTERNAL_KNOWLEDGE"
"img\logos_enactus_visibles\02_web_512px\men_nan.png",".png","0.18","6/15/2026 4:12:14 PM","5BC90BC2CC4A10CFF8E1B854059FC3341B00796633C589E1A247870FCAB0E57E","INTERNAL_KNOWLEDGE"
"img\logos_enactus_visibles\02_web_512px\mobigel.png",".png","0.15","6/15/2026 4:12:14 PM","1E8F85436CD6FC6C2E7FA36CBB70E645E86157E9D597FD9DFF231A986993A1F1","INTERNAL_KNOWLEDGE"
"img\logos_enactus_visibles\02_web_512px\prix_enactus_national_2016.png",".png","0.21","6/15/2026 4:12:14 PM","A6C81138B95FADA077F66BEC3FAE504233E7142D20EC3BF809D5D2A9273197B5","INTERNAL_KNOWLEDGE"
"img\logos_enactus_visibles\02_web_512px\prix_uhodari_2016.png",".png","0.15","6/15/2026 4:12:14 PM","B912E71981CA4E4B6FBC43A4C737248AB7B46F73BED0E1BE29462B63E1155024","INTERNAL_KNOWLEDGE"
"img\logos_enactus_visibles\02_web_512px\soukhalii_gokh.png",".png","0.21","6/15/2026 4:12:14 PM","709E18F7DD7ADF369BD223F46DFA57FB4CDB55280B3DFBAF7AE756960750A32C","INTERNAL_KNOWLEDGE"
"img\logos_enactus_visibles\03_web_1024px\deconaane.png",".png","0.3","6/15/2026 4:12:14 PM","4DBDF39F8B19BCD1DC6EB612A1446AE67B1DC95F0B31CC77AD54ECE50D6AF793","INTERNAL_KNOWLEDGE"
"img\logos_enactus_visibles\03_web_1024px\dimbali.png",".png","0.36","6/15/2026 4:12:14 PM","B27C1CE95E7540CEAB5E14FBAF6142F3E6E7A786780FF90658CA7A80DEA64F24","INTERNAL_KNOWLEDGE"
"img\logos_enactus_visibles\03_web_1024px\enactus_esp.png",".png","0.61","6/15/2026 4:12:14 PM","EEC0AB7627ABF61BB73B485C61FC71429CEC79AC432A6528D1C6E4AB7A0FCAD5","INTERNAL_KNOWLEDGE"
"img\logos_enactus_visibles\03_web_1024px\javelisel.png",".png","0.47","6/15/2026 4:12:14 PM","5080F830A1C52E552ACDCEA870CD0C4A16F01213BAD520D7E2A6D497A34435B8","INTERNAL_KNOWLEDGE"
"img\logos_enactus_visibles\03_web_1024px\kongserve.png",".png","1.03","6/15/2026 4:12:14 PM","ECEE77F46CC291C650A23BEB88C5C328898B5F3D49B57B3198841B43B9CD7C1A","INTERNAL_KNOWLEDGE"
"img\logos_enactus_visibles\03_web_1024px\men_nan.png",".png","0.59","6/15/2026 4:12:14 PM","FFA08980EA8602DB3365E45F7B2153E194A685DEF1D18527F5BC2476C1E4D1BC","INTERNAL_KNOWLEDGE"
"img\logos_enactus_visibles\03_web_1024px\mobigel.png",".png","0.52","6/15/2026 4:12:14 PM","B48EE5F16CD55905D9301FCD3A607074AB282E58C831BB9A58B3E9B72B468218","INTERNAL_KNOWLEDGE"
"img\logos_enactus_visibles\03_web_1024px\prix_enactus_national_2016.png",".png","0.82","6/15/2026 4:12:14 PM","AA173C9F147167C1638097CF467509A50058A05E031C746D01F4449B52AE40EA","INTERNAL_KNOWLEDGE"
"img\logos_enactus_visibles\03_web_1024px\prix_uhodari_2016.png",".png","0.56","6/15/2026 4:12:14 PM","F1061C1A8E060C08266B95C53927966797EEEDAA3427E88B8A567FAB2540FF35","INTERNAL_KNOWLEDGE"
"img\logos_enactus_visibles\03_web_1024px\soukhalii_gokh.png",".png","0.69","6/15/2026 4:12:14 PM","E8D3532F004E9FDEF69AD105D828B796D8972CE34B98C6897AC8CC30FDB8955E","INTERNAL_KNOWLEDGE"
"img\logos_enactus_visibles\04_print_2048px\deconaane.png",".png","0.91","6/15/2026 4:12:14 PM","1A87AF1D6E1084410453EA5749DD591855D4D59119E02776E2120C1376383CEB","INTERNAL_KNOWLEDGE"
"img\logos_enactus_visibles\04_print_2048px\dimbali.png",".png","1.07","6/15/2026 4:12:14 PM","1A302D83E545F669F800CF4D7071971EDA05B3A0FCF31F276B620F17A9C4DCED","INTERNAL_KNOWLEDGE"
"img\logos_enactus_visibles\04_print_2048px\enactus_esp.png",".png","1.47","6/15/2026 4:12:14 PM","E1A2BA71D2BE3C9799946546B1C0063C2E927C12BD8D1B739901934D8056F123","INTERNAL_KNOWLEDGE"
"img\logos_enactus_visibles\04_print_2048px\javelisel.png",".png","1.33","6/15/2026 4:12:14 PM","88A8B9B99C762C037490CDC63120DB34412A8C5A83FF86B49F316B7B2EB46FEA","INTERNAL_KNOWLEDGE"
"img\logos_enactus_visibles\04_print_2048px\kongserve.png",".png","3.01","6/15/2026 4:12:14 PM","A357BEE24E3DB3F09671811786661FBAFCDF7E7EBC9314CC72D642B67A91F5F1","INTERNAL_KNOWLEDGE"
"img\logos_enactus_visibles\04_print_2048px\men_nan.png",".png","1.45","6/15/2026 4:12:14 PM","C42635F4663AE7B1756174FC876D4E83688484C19B14193D401C61F752544651","INTERNAL_KNOWLEDGE"
"img\logos_enactus_visibles\04_print_2048px\mobigel.png",".png","1.49","6/15/2026 4:12:15 PM","8488FCC35B6C921BAB140AAA981A8F2CB96BA2B517BCA36628C5C450AB6F7E65","INTERNAL_KNOWLEDGE"
"img\logos_enactus_visibles\04_print_2048px\prix_enactus_national_2016.png",".png","2.88","6/15/2026 4:12:15 PM","3501F262BE0A038C54FE34C11144952A715418D420F4AEF373ACB9F080B72195","INTERNAL_KNOWLEDGE"
"img\logos_enactus_visibles\04_print_2048px\prix_uhodari_2016.png",".png","1.98","6/15/2026 4:12:15 PM","7C3D5B36B2058FECFC3512EB4E579A0CF3C44D885583A9726AE63D5DC22B2FE4","INTERNAL_KNOWLEDGE"
"img\logos_enactus_visibles\04_print_2048px\soukhalii_gokh.png",".png","1.78","6/15/2026 4:12:15 PM","3D206530412065EF7974FBCBB80A6DFB4974A4AD855A8104391D43B37598FC30","INTERNAL_KNOWLEDGE"
"img\logos_enactus_visibles\README.txt",".txt","0","6/15/2026 4:12:13 PM","41673B3565F91AA6A52B9CF1F25235F24E359776502B02BE1CB65191C3A7E586","INTERNAL_KNOWLEDGE"
"img\prix enactus national 2016.png",".png","1.97","6/15/2026 12:42:36 PM","9A44AC1EBE138FD2D22946DFD725918424C516FBE9C39BCD110FD01C05A75ACE","INTERNAL_KNOWLEDGE"
"img\prix_uhodari_2016.png",".png","1.77","6/15/2026 2:41:12 PM","C2466E252F8DF515A3F322698631C3FBD2AC9E0215F144ED102274164D61A786","INTERNAL_KNOWLEDGE"
"Men Nan\Doc Compte-Rendu de Réunion dans un Style Classique et Professionnel Bleu sarcelle et Turquoise.pdf",".pdf","0.13","6/14/2026 9:24:32 PM","03E9FEFF321A0C85BE8896DFFDEFBCF4B7BD3C854859648E3FFCC521F04E1AF4","INTERNAL_KNOWLEDGE"
"Men Nan\Doc Compte-Rendu de Réunion dans un Style Classique et Professionnel Bleu sarcelle et Turquoise-1.pdf",".pdf","0.11","6/14/2026 9:24:13 PM","317F063001CF760B07B2AE219E7B4CBDC141E126D3A46C3013DF22BF507AA450","INTERNAL_KNOWLEDGE"
"Men Nan\Moringa et Noix de Cajou_v2 (1)-1.pdf",".pdf","1","6/14/2026 9:25:43 PM","EF219D14C45113D2B2F70477BCBC56AB58CF9F0391E6C2FA45E530A29E62A463","INTERNAL_KNOWLEDGE"
"Men Nan\PV DE LA REUNION DU PROJET MEN NAGN.pdf",".pdf","0.14","6/14/2026 9:24:47 PM","98CED67F2AD20282D3D7588C85DE112733484048D677F3F5DDB80022CEF34382","INTERNAL_KNOWLEDGE"
"Men Nan\PV Mën Nan 11 Mars.pdf",".pdf","0.16","6/14/2026 9:25:00 PM","C21B07A02585474971D19D2C9149F2983944488944CEDF94C39DDA61EEC6EDDA","INTERNAL_KNOWLEDGE"
"Pole Veille\Bilan Pole Veille\juin\bilan_pole_veille_juin_2026_enactus.odp",".odp","0.84","7/1/2026 8:00:55 PM","A63DF0841675C766767F8F8EDB3E4F01CD22705548B1FA63CA6A472065878795","INTERNAL_KNOWLEDGE"
"Pole Veille\Bilan Pole Veille\juin\bilan_pole_veille_juin_2026_enactus.pdf",".pdf","0.21","7/1/2026 8:13:27 PM","15A714B1B8ADCCC7A1F921A4BB1B0C6069AA267E825E782C5F533B871A576339","INTERNAL_KNOWLEDGE"
"Pole Veille\Bilan Pole Veille\mai\bilan_pole_veille_enactus.pdf",".pdf","0.12","6/4/2026 12:35:13 AM","6FC6B69FD0C2A32E571AC282C9DF365CD9D6A8C5205092B0C4C1A43A26C8F8A0","INTERNAL_KNOWLEDGE"
"Pole Veille\Strategie_Media_Enactus_Complet.docx",".docx","0.04","8/12/2026 9:18:48 PM","CA7FE3AC08494273516828AB3E48267966F01CD47CBA83BCCAAA4C4837A9EE8B","INTERNAL_KNOWLEDGE"
"PV 20.05.26.pdf",".pdf","0.13","6/3/2026 10:20:38 PM","4A565FF3A59CB650B7DFA1583B03FBEFCD07FB835DA684CF661C10F3668EF709","INTERNAL_KNOWLEDGE"
